feed_url,podcast_title,episode_guid,episode_title,mp3_url,published_date_iso,podcast_slug
https://thetwentyminutevc.libsyn.com/rss,The Twenty Minute VC (20VC): Venture Capital | Startup Funding | The Pitch,296d0e1d-6ff1-4e31-9177-02fb33a79d2f,20VC: The Most Insane Story in Startups: Airwallex: The Angel That Turned $1M into $1BN | The Fund That Pulled a Term Sheet & Lost $1BN | Rejecting Stripe's $1.2BN Offer | Scaling to $1BN in Revenue & 100% YoY Growth for 8 Years with Jack Zhang,https://traffic.libsyn.com/secure/thetwentyminutevc/Jack_Zhang__Airwallex.mp3?dest-id=240976,2025-05-26T07:07:00,the-twenty-minute-vc-20vc-venture-capital-startup-funding-the-pitch
https://thetwentyminutevc.libsyn.com/rss,The Twenty Minute VC (20VC): Venture Capital | Startup Funding | The Pitch,d5d84440-eb8e-4d9c-a108-116c1a1f48a1,"20VC: ElevenLabs Head of Growth on Why You Do Not Need PMs | The 7-Part Launch Playbook That Gets 700K+ Views Per Product | The Truth About CAC, Payback & Performance Marketing in AI with Luke Harries",https://traffic.libsyn.com/secure/thetwentyminutevc/Luke_Harries__ElevenLabs.mp3?dest-id=240976,2025-05-23T07:07:00,the-twenty-minute-vc-20vc-venture-capital-startup-funding-the-pitch
https://thetwentyminutevc.libsyn.com/rss,The Twenty Minute VC (20VC): Venture Capital | Startup Funding | The Pitch,4b0207d1-8b6b-4874-a808-aa9168eb0e69,20VC: Chime IPO: The Breakdown | Why Fund Returners Are Not Enough & Seed is for Suckers | Are IPOs Dead & The Future of the Late Stage Private Market | Rippling vs. Deel Lawsuit: WTF Happens Now?,https://traffic.libsyn.com/secure/thetwentyminutevc/The_Trio_FINAL_EP06.mp3?dest-id=240976,2025-05-22T07:07:00,the-twenty-minute-vc-20vc-venture-capital-startup-funding-the-pitch
https://thetwentyminutevc.libsyn.com/rss,The Twenty Minute VC (20VC): Venture Capital | Startup Funding | The Pitch,0b1e9e00-9377-4165-afd7-64dd87d29468,20VC: Duolingo Co-Founder on Why $3M is Harder than $100M to Raise | Why You Should Always Take Tier 1 VCs Even at Worse Terms | Why Europe Can't Win Unless the US Screws Up | How AI Impacts the Future of Work and Education with Severin Hacker,https://traffic.libsyn.com/secure/thetwentyminutevc/20VC-_Severin_Hacker__Duolingo.mp3?dest-id=240976,2025-05-19T07:07:00,the-twenty-minute-vc-20vc-venture-capital-startup-funding-the-pitch
https://thetwentyminutevc.libsyn.com/rss,The Twenty Minute VC (20VC): Venture Capital | Startup Funding | The Pitch,3b1562ad-0772-46e0-aab2-21aa289c4c57,"20Product: Figma CPO on How Figma Builds Products: What Works, What Does Not | How Figma Does Testing and Product Reviews | The Future of Design, Engineering and Product with Yuhki Yamashita",https://traffic.libsyn.com/secure/thetwentyminutevc/Yuhki_Yamashita__Figma.mp3?dest-id=240976,2025-05-16T07:07:00,the-twenty-minute-vc-20vc-venture-capital-startup-funding-the-pitch
https://thetwentyminutevc.libsyn.com/rss,The Twenty Minute VC (20VC): Venture Capital | Startup Funding | The Pitch,d8d0ea45-0536-41b9-aeff-cb2998c488f8,20VC: Tiger Global Saved by OpenAI | Coatue's New Fund: Hype or Substance | Why SBF is the Greatest Investor of the Last 5 Years | Why Big Funds are Investing in Perplexity,https://traffic.libsyn.com/secure/thetwentyminutevc/The_Trio_EP05__Jason_Rory_Harry.mp3?dest-id=240976,2025-05-15T07:07:00,the-twenty-minute-vc-20vc-venture-capital-startup-funding-the-pitch
https://thetwentyminutevc.libsyn.com/rss,The Twenty Minute VC (20VC): Venture Capital | Startup Funding | The Pitch,8d01cd86-1462-4691-928d-3d16f9a5c1c9,20VC Exclusive: Mercury Founder Launches First $26M Fund | Why Founders Should Take the Highest Price | Why Serial Entrepreneurs are Better | Why AI Is So Overhyped | The Future of Venture Capital with Immad Akhund,https://traffic.libsyn.com/secure/thetwentyminutevc/20VC-_Immad_Akhund_Founder__Mercury.mp3?dest-id=240976,2025-05-12T07:07:00,the-twenty-minute-vc-20vc-venture-capital-startup-funding-the-pitch
https://thetwentyminutevc.libsyn.com/rss,The Twenty Minute VC (20VC): Venture Capital | Startup Funding | The Pitch,c91ce4bc-1735-417a-a3e8-25c9c964c65e,20VC: Four Traits of the Most Successful Founders | How to Hunt and Close Talent Like a Pro and Where All Founders Go Wrong | Lessons Raising $397M From the Best Investors in the World with Eléonore Crespo @ Pigment,https://traffic.libsyn.com/secure/thetwentyminutevc/Eleonore_Crespo__Pigment.mp3?dest-id=240976,2025-05-09T11:28:00,the-twenty-minute-vc-20vc-venture-capital-startup-funding-the-pitch
https://thetwentyminutevc.libsyn.com/rss,The Twenty Minute VC (20VC): Venture Capital | Startup Funding | The Pitch,557213a4-3c4e-4f7b-888b-b1e1de54d6c6,20VC: Benchmark vs a16z: Why Stage Specific Firms Win | Windsurf Sells For $3BN | Decagon Raises at 100x ARR | Do Mega Funds Win the Future of VC | What Does Harvard's Losing Their For-Profit Status Mean for VC,https://traffic.libsyn.com/secure/thetwentyminutevc/The_Trio_EP04-_Mega_Funds_Windsurf_Ai_Future.mp3?dest-id=240976,2025-05-07T07:07:00,the-twenty-minute-vc-20vc-venture-capital-startup-funding-the-pitch
https://thetwentyminutevc.libsyn.com/rss,The Twenty Minute VC (20VC): Venture Capital | Startup Funding | The Pitch,b1a67d3f-50db-4a8e-abcb-666b423c074e,20VC Exclusive: Why Mega Platforms Will Win in VC | Why You Cannot Do VC If You Do Not Do Pre-Seed | Why Market Sizing is BS | Where Will Foundation Models Build/Buy Apps vs Where Will They Not with Bucky Moore,https://traffic.libsyn.com/secure/thetwentyminutevc/20VC-_Bucky_Moore_General_Partner__Lightspeed_Venture_Partners.mp3?dest-id=240976,2025-05-05T13:10:00,the-twenty-minute-vc-20vc-venture-capital-startup-funding-the-pitch
https://thetwentyminutevc.libsyn.com/rss,The Twenty Minute VC (20VC): Venture Capital | Startup Funding | The Pitch,6fd9fd1d-16af-462d-9d3b-f29553d82a90,"20Sales: Sierra: Inside Silicon Valley's Fastest Growing Sales Machine & How to Prospect, Outbound and Close Enterprise Deals in AI",https://traffic.libsyn.com/secure/thetwentyminutevc/Updated-Reggie_Marable__Sierra.mp3?dest-id=240976,2025-05-02T17:58:00,the-twenty-minute-vc-20vc-venture-capital-startup-funding-the-pitch
https://thetwentyminutevc.libsyn.com/rss,The Twenty Minute VC (20VC): Venture Capital | Startup Funding | The Pitch,e9122312-2c97-45e4-828d-e53471c791c1,20VC: Why Fund Returners Are Not Enough Anymore | Why Sequoia Had the Best Strategy at the Worst Time | What it Takes to Be Good at Series A and B Today | Benchmark Leads Manus Round: Should US Funds Invest in Chinese AI,https://traffic.libsyn.com/secure/thetwentyminutevc/The_Trio_EP03__Jason_Rory_Fabrice.mp3?dest-id=240976,2025-05-01T07:07:00,the-twenty-minute-vc-20vc-venture-capital-startup-funding-the-pitch
https://thetwentyminutevc.libsyn.com/rss,The Twenty Minute VC (20VC): Venture Capital | Startup Funding | The Pitch,caf842f5-9d5c-4483-9cdd-d51a06c67c64,20VC: VCs are Spreadsheet Monkeys and are Commoditised | Why Fees and Carry Misalign GPs and LPs | Why Founders Will Realise Multi-Stage Funds Damage Seed Rounds | Why We Need European Sovereignty More Than Ever with Taavet Hinrikus,https://traffic.libsyn.com/secure/thetwentyminutevc/20VC-_Taavet_Hinrikus__Plural.mp3?dest-id=240976,2025-04-28T07:07:00,the-twenty-minute-vc-20vc-venture-capital-startup-funding-the-pitch
https://thetwentyminutevc.libsyn.com/rss,The Twenty Minute VC (20VC): Venture Capital | Startup Funding | The Pitch,d78c64ea-a310-46c8-8c9d-5071674cb574,"20Growth: Inside Kraken’s $1.5BN Growth Playbook: What Works, What Doesn’t and What No Founders Understand About Growth That Will Change Their Company with Mayur Gupta",https://traffic.libsyn.com/secure/thetwentyminutevc/20Growth-_Mayur_Gupta__Kraken.mp3?dest-id=240976,2025-04-25T07:07:00,the-twenty-minute-vc-20vc-venture-capital-startup-funding-the-pitch
https://thetwentyminutevc.libsyn.com/rss,The Twenty Minute VC (20VC): Venture Capital | Startup Funding | The Pitch,ee3e19b8-cab1-4a4b-bd34-60e297215438,"20VC: OpenAI's $3BN Acquisition of Windsurf: The Breakdown | Are Endowment Funds F******* & How LP Deployment to Venture Will Change in 2025 | Why Revenue Multiples are BS, The Rise of AI Rollups and Multi-Stage Funds Destroying Seed Investing",https://traffic.libsyn.com/secure/thetwentyminutevc/20VC-_The_Trio_EP02-_Rory_Jason_Harry.mp3?dest-id=240976,2025-04-24T07:07:00,the-twenty-minute-vc-20vc-venture-capital-startup-funding-the-pitch
https://thetwentyminutevc.libsyn.com/rss,The Twenty Minute VC (20VC): Venture Capital | Startup Funding | The Pitch,5fc5f03a-99bf-4fc5-9eb6-a0ee077ce531,20VC: Do Rich Founders Make Better Founders | The Best Performing Fund Would Only Back YC Founders on Their Second Time | Why SPACs Will Come Back | Why Short Sellers Should Be Banned | Is Trump Better for Business than Biden with Jason Wilk @ Dave,https://traffic.libsyn.com/secure/thetwentyminutevc/20VC-_Jason_Wilk_Founder__CEO__Dave.mp3?dest-id=240976,2025-04-21T12:45:00,the-twenty-minute-vc-20vc-venture-capital-startup-funding-the-pitch
https://thetwentyminutevc.libsyn.com/rss,The Twenty Minute VC (20VC): Venture Capital | Startup Funding | The Pitch,219390e0-e576-44c5-ba4a-d1db19c44c41,"20VC: Foundation Models: Who Wins & Who Loses | How Economies and Labour Markets Need to Change in a World of AI | China vs the US in an AI Race: What You Need to Know | Rich Socher, Founder @ You.com",https://traffic.libsyn.com/secure/thetwentyminutevc/20VC-_Richard_Socher__You.com.mp3?dest-id=240976,2025-04-18T14:40:00,the-twenty-minute-vc-20vc-venture-capital-startup-funding-the-pitch
https://thetwentyminutevc.libsyn.com/rss,The Twenty Minute VC (20VC): Venture Capital | Startup Funding | The Pitch,6fc39600-c352-4201-9d39-99a9cf11ebf4,20VC: Why Seed is for Suckers | a16z's $20BN Fund & Founders Fund's $4.6BN: What Makes Them So Good | Why Josh Kushner Is the Master of Venture Capital Strategy | Why Extended Private Markets Screw US Citizens with Jason Lemkin and Rory O'Driscoll,https://traffic.libsyn.com/secure/thetwentyminutevc/20VC-_Rory__ScaleVP__Jason__SaaStr.mp3?dest-id=240976,2025-04-17T07:07:00,the-twenty-minute-vc-20vc-venture-capital-startup-funding-the-pitch
https://thetwentyminutevc.libsyn.com/rss,The Twenty Minute VC (20VC): Venture Capital | Startup Funding | The Pitch,394664e7-f3b0-4cac-a7ec-7543e2396559,20VC: Benchmark's Victor Lazarte on Why Portfolio Construction is BS| Why SaaS Spreadsheet Investing is Dead | Why China is a Stabilising Force for the US | Three Traits All the Best Founders Have & The Lie All Big Tech Companies Have Been Telling,https://traffic.libsyn.com/secure/thetwentyminutevc/20VC-_Victor_Lazarte__Benchmark.mp3?dest-id=240976,2025-04-14T07:07:00,the-twenty-minute-vc-20vc-venture-capital-startup-funding-the-pitch
https://thetwentyminutevc.libsyn.com/rss,The Twenty Minute VC (20VC): Venture Capital | Startup Funding | The Pitch,8dc9c7ab-0e63-4136-a889-1d5161a17a4a,20Product: How Scale AI and Harvey Build Product | Why PMs Are Wrong: They are not the CEOs of the Product | How to do Pre and Post Mortems Effectively and How to Nail PRDs | The Future of Product Management in a World of AI with Aatish Nayak,https://traffic.libsyn.com/secure/thetwentyminutevc/20Product-_Aatish_Nayak__Harvey.mp3?dest-id=240976,2025-04-11T07:07:00,the-twenty-minute-vc-20vc-venture-capital-startup-funding-the-pitch
https://thetwentyminutevc.libsyn.com/rss,The Twenty Minute VC (20VC): Venture Capital | Startup Funding | The Pitch,43cf1b10-3585-4741-bf93-e3dbc4ad440c,"20VC: How to Fix the UK Tech Ecosystem | Why We Need to Flood the UK with Venture Capital | What the UK Can Learn From Sequoia, Stripe and Norway | Why Now is the Time to be Bullish on China & Lessons from Jensen Huang with Tom Hulme & Stan Boland",https://traffic.libsyn.com/secure/thetwentyminutevc/Stan_Boland__Icera__Tom_Hulme.mp3?dest-id=240976,2025-04-10T07:07:00,the-twenty-minute-vc-20vc-venture-capital-startup-funding-the-pitch
https://thetwentyminutevc.libsyn.com/rss,The Twenty Minute VC (20VC): Venture Capital | Startup Funding | The Pitch,a2645a72-be4a-4a93-8ca9-5817505b4395,"20VC: Carvana CEO on Buiding a $50B Company, Losing 99% and Coming Back | Ernest Garcia: Inside the Mind of the Most Misunderstood CEO in America",https://traffic.libsyn.com/secure/thetwentyminutevc/20VC-_Ernest_Garcia__Carvana.mp3?dest-id=240976,2025-04-07T07:07:00,the-twenty-minute-vc-20vc-venture-capital-startup-funding-the-pitch
https://thetwentyminutevc.libsyn.com/rss,The Twenty Minute VC (20VC): Venture Capital | Startup Funding | The Pitch,47e591c5-b2e6-4ea9-b8d2-32bda0bf2278,"20VC: Why To Win in AI, Investors Need to Change Their Approach | Why VC is Run by Principals and Associates and is a Broken System | The Bull Case for Anthropic & Whether Deepseek Changes Their Strategy with Nabeel Hyatt @ Spark Capital",https://traffic.libsyn.com/secure/thetwentyminutevc/Updated_-0_Nabeel_Hyatt__Spark.mp3?dest-id=240976,2025-04-04T10:01:00,the-twenty-minute-vc-20vc-venture-capital-startup-funding-the-pitch
https://thetwentyminutevc.libsyn.com/rss,The Twenty Minute VC (20VC): Venture Capital | Startup Funding | The Pitch,c6ac6760-4306-400b-9709-1519145c2d45,20Sales: How the Best Sales Teams Use AI to Win Enterprise Deals | Sales Teams Will Be Dramatically Smaller | How to Ramps Sales Reps Way Faster | Why Unpaid Design Partners are BS | Why this Generation of Sales is Soft with Ishan Mukherjee @ Rox,https://traffic.libsyn.com/secure/thetwentyminutevc/20Sales-_Ishan_Mukherjee__Rox.mp3?dest-id=240976,2025-04-04T07:07:00,the-twenty-minute-vc-20vc-venture-capital-startup-funding-the-pitch
https://thetwentyminutevc.libsyn.com/rss,The Twenty Minute VC (20VC): Venture Capital | Startup Funding | The Pitch,69018bc0-4d51-44c1-885d-75b2113a1c55,20VC: The Daily Deal: Coreweave IPO | Scale Hits $25BN on $2BN EOY Revenue | Sequoia's 25x Return on Wiz | Tech Stocks Tank with Tariffs | Cursor: Defensible or Dangerous Example of Lost Moats in Tech,https://traffic.libsyn.com/secure/thetwentyminutevc/The_Daily_Deal_Ep.01.mp3?dest-id=240976,2025-04-03T18:02:00,the-twenty-minute-vc-20vc-venture-capital-startup-funding-the-pitch
https://thetwentyminutevc.libsyn.com/rss,The Twenty Minute VC (20VC): Venture Capital | Startup Funding | The Pitch,55c39cb3-bd2c-4996-b7fa-49b53444b093,20VC: Microsoft CTO on Where Value Accrues in an AI World | Why Scaling Laws are BS | An Evaluation of Deepseek and How We Underestimate the Chinese | The Future of Software Development and The Future of Agents with Kevin Scott,https://traffic.libsyn.com/secure/thetwentyminutevc/20VC-_Kevin_Scott_CTO__Microsoft.mp3?dest-id=240976,2025-03-31T07:07:00,the-twenty-minute-vc-20vc-venture-capital-startup-funding-the-pitch
https://thetwentyminutevc.libsyn.com/rss,The Twenty Minute VC (20VC): Venture Capital | Startup Funding | The Pitch,e8f02dc0-f4ac-4d65-98f8-1b1c33e9498f,"20VC: Will Revolut and Monzo List in the UK | How Does London Compete Against the US To Win The Best UK IPOs | Are UK Public Companies Punished on Price for Listing in London | The Myths and the Reality of The London Stock Exchange with CEO, Julia Hoggett",https://traffic.libsyn.com/secure/thetwentyminutevc/20VC-Julia_Hoggett_CEO_of_The_London_Stock_Exchange.mp3?dest-id=240976,2025-03-28T07:07:00,the-twenty-minute-vc-20vc-venture-capital-startup-funding-the-pitch
https://thetwentyminutevc.libsyn.com/rss,The Twenty Minute VC (20VC): Venture Capital | Startup Funding | The Pitch,924ce159-bfea-4966-b3b5-9eb7e89fc9d4,"20VC: Why Traditional VC is Broken: How VCs Learned Nothing from 2021 | Why LPs are More Important than Founders & Advice to Emerging Managers | Bull Case for Bytedance & Why TikTok's Ban Doesn't Matter with Mitchell Green, Lead Edge Capital",https://traffic.libsyn.com/secure/thetwentyminutevc/Updated_-_Mitchell_Green__Lead_Edge_Capital.mp3?dest-id=240976,2025-03-28T00:00:00,the-twenty-minute-vc-20vc-venture-capital-startup-funding-the-pitch
https://thetwentyminutevc.libsyn.com/rss,The Twenty Minute VC (20VC): Venture Capital | Startup Funding | The Pitch,dc224d88-16b7-4388-8d15-8b8730917801,20VC: The Insane Story of DeliveryHero: Losing $200M on a Gorillas Investment | Winning the Emerging Markets Delivery War with 35 Acquisitions | Competing with Uber and Doordash in a Capital Arms Race with Niklas Östberg,https://traffic.libsyn.com/secure/thetwentyminutevc/Updated_-_Niklas_Ostberg__Delivery_Hero.mp3?dest-id=240976,2025-03-27T23:55:00,the-twenty-minute-vc-20vc-venture-capital-startup-funding-the-pitch
https://thetwentyminutevc.libsyn.com/rss,The Twenty Minute VC (20VC): Venture Capital | Startup Funding | The Pitch,5389c360-81c5-41bc-92b0-00795f7e1d50,20VC: AI Chip Wars: How Cerebras Plans to Topple NVIDIA's Dominance | Why We Have Not Reached Scaling Laws in AI | What Happens to the Cost of Inference | How We Underestimate China and Shouldn't Sell To Them with Andrew Feldman,https://traffic.libsyn.com/secure/thetwentyminutevc/20VC-_Andrew_Feldman__Cerebras.mp3?dest-id=240976,2025-03-24T07:07:00,the-twenty-minute-vc-20vc-venture-capital-startup-funding-the-pitch
https://thetwentyminutevc.libsyn.com/rss,The Twenty Minute VC (20VC): Venture Capital | Startup Funding | The Pitch,1245e859-52b8-4420-b51e-764b8c9dd836,20VC: Selling Drift for $1.2BN is the Biggest Failure: What No One Tells You About Selling Your Company | Why Incumbents Are Slower & Worse Than Ever | Why the Most Valuable Companies in a World of AI Will Not Have More Than 100 People with Elias Torres,https://traffic.libsyn.com/secure/thetwentyminutevc/Elias_Torres__Agency.mp3?dest-id=240976,2025-03-21T11:37:00,the-twenty-minute-vc-20vc-venture-capital-startup-funding-the-pitch
https://thetwentyminutevc.libsyn.com/rss,The Twenty Minute VC (20VC): Venture Capital | Startup Funding | The Pitch,f5ee6691-6181-4cb9-a1be-fa98963976fa,"20VC: The 10 Question Framework a $217BN Manager Uses to Make Investment Decisions | Lessons from Turning Down Stripe, Coinbase and Losing Money on Northvault | The Bull Case for Bytedance | How Anduril Could Be a $200BN Company with Peter Singlehurst",https://traffic.libsyn.com/secure/thetwentyminutevc/20VC-_Peter_Singlehurst__Baillie_Gifford.mp3?dest-id=240976,2025-03-19T07:07:00,the-twenty-minute-vc-20vc-venture-capital-startup-funding-the-pitch
https://thetwentyminutevc.libsyn.com/rss,The Twenty Minute VC (20VC): Venture Capital | Startup Funding | The Pitch,f0ee6bd3-5a7d-4d62-8bc2-60bd530a3f18,20VC: HubSpot CEO on Where Value Accrues in SaaS AI | How HubSpot Competes Against Salesforce | Why B2B Is Not a Winner Take All Market | How to Go From SMB to Enterprise an Win | How SEO Dying Changes HubSpot's Business with Yamini Rangan,https://traffic.libsyn.com/secure/thetwentyminutevc/20VC-_Yamini_Rangan__HubSpot.mp3?dest-id=240976,2025-03-18T16:11:00,the-twenty-minute-vc-20vc-venture-capital-startup-funding-the-pitch
https://thetwentyminutevc.libsyn.com/rss,The Twenty Minute VC (20VC): Venture Capital | Startup Funding | The Pitch,93e8619c-6bed-44ae-96e5-61bea44fd2ae,"20Product: How to Design and Build Products in a World of Agents | Why AI Will Kill Many SaaS Products | What Products Will Thrive and Die in a World of 100M Developers with Matt Biilmann, Co-Founder and CEO @ Netlify",https://traffic.libsyn.com/secure/thetwentyminutevc/Matt_Biilmann__Netlify.mp3?dest-id=240976,2025-03-14T07:07:00,the-twenty-minute-vc-20vc-venture-capital-startup-funding-the-pitch
https://thetwentyminutevc.libsyn.com/rss,The Twenty Minute VC (20VC): Venture Capital | Startup Funding | The Pitch,65e181b8-711b-40fa-851a-c9b2eedd8198,20VC: Lessons from Investing $2BN and Returning $8BN in Cash | Why Most Venture Partnerships are Broken | We Sold Salesforce Early and Lost Out on Billions | Are The Best Deals Always Expensive and Competitive with Jake Saper @ Emergence Capital,https://traffic.libsyn.com/secure/thetwentyminutevc/20VC-_Jake_Saper__Emergence_Capital.mp3?dest-id=240976,2025-03-10T07:07:00,the-twenty-minute-vc-20vc-venture-capital-startup-funding-the-pitch
https://thetwentyminutevc.libsyn.com/rss,The Twenty Minute VC (20VC): Venture Capital | Startup Funding | The Pitch,17087847-da5b-4734-b1ea-b981ec040b02,"20Sales: Everything You Know About Sales Playbooks is Wrong | How to Hire and Train Your First Sales Hires | How to Crush Pipeline and Deal Reviews as a Team | How to Structure Sales Teams and Sales Comp Plans with Julian Teixeira, CRO @ 1Password",https://traffic.libsyn.com/secure/thetwentyminutevc/20Sales-_Julian_Teixeira_CRO__1Password.mp3?dest-id=240976,2025-03-07T07:07:00,the-twenty-minute-vc-20vc-venture-capital-startup-funding-the-pitch
https://thetwentyminutevc.libsyn.com/rss,The Twenty Minute VC (20VC): Venture Capital | Startup Funding | The Pitch,c07ecbf1-50e6-446d-82d0-13c87c0c3199,20VC: Lovable on Hitting $17.5M in ARR in 3 Months | Adding $2.1M ARR Every Week | Hitting 85% Day 30 Retention: Better than ChatGPT | The Story of Europe's Fastest Scaling Company with Anton Osika,https://traffic.libsyn.com/secure/thetwentyminutevc/20VC-_Anton_Osika__Lovable.mp3?dest-id=240976,2025-03-05T07:07:00,the-twenty-minute-vc-20vc-venture-capital-startup-funding-the-pitch
https://thetwentyminutevc.libsyn.com/rss,The Twenty Minute VC (20VC): Venture Capital | Startup Funding | The Pitch,1e774a37-8112-4c0b-b52e-71b49767fc87,20VC: Anthropic CPO Mike Krieger: Where Will Value Be Created in a World of AI | Have Foundation Models Commoditized | When Do Model Providers Become Application Providers | What Anthropic Learned from Deepseek,https://traffic.libsyn.com/secure/thetwentyminutevc/20VC-_Mike_Krieger__Anthropic.mp3?dest-id=240976,2025-03-03T07:07:00,the-twenty-minute-vc-20vc-venture-capital-startup-funding-the-pitch
https://thetwentyminutevc.libsyn.com/rss,The Twenty Minute VC (20VC): Venture Capital | Startup Funding | The Pitch,22849d95-e211-404f-aa84-e4802835d2e1,20Growth: Inside Ramp's Growth Engine: How Ramp Became the Fastest Growing SaaS Company Ever | What Worked & What Did Not Work | How to Hire for Growth | How to Find Alpha in Channels Where No One Else Can with George Bonaci,https://traffic.libsyn.com/secure/thetwentyminutevc/20Growth-_George_Bonaci__Ramp.mp3?dest-id=240976,2025-02-28T07:07:00,the-twenty-minute-vc-20vc-venture-capital-startup-funding-the-pitch
https://thetwentyminutevc.libsyn.com/rss,The Twenty Minute VC (20VC): Venture Capital | Startup Funding | The Pitch,6c3e647f-ef82-4187-9cc0-d7b56a356039,"20VC: The Insane Story of Glovo: Selling 30% of the Company for €100K | The McDonalds Deal That Saved Them | Running out of Money Three Times | Burning $1M Per Day | Being Acquired for $2.2BN with Oscar Pierre, Founder @ Glovo",https://traffic.libsyn.com/secure/thetwentyminutevc/20VC-_Oscar_Pierre__Glovo.mp3?dest-id=240976,2025-02-26T07:07:00,the-twenty-minute-vc-20vc-venture-capital-startup-funding-the-pitch
https://thetwentyminutevc.libsyn.com/rss,The Twenty Minute VC (20VC): Venture Capital | Startup Funding | The Pitch,c8364959-7c73-44fd-bfb1-975253371be3,"20VC: Why Google Will Win the AI Arms Race & OpenAI Will Not | NVIDIA vs AMD: Who Wins and Why | The Future of Inference vs Training | The Economics of Compute & Why To Win You Must Have Product, Data & Compute with Steeve Morin @ ZML",https://traffic.libsyn.com/secure/thetwentyminutevc/20VC-_Steeve_Morin_Founder__ZML.mp3?dest-id=240976,2025-02-24T07:07:00,the-twenty-minute-vc-20vc-venture-capital-startup-funding-the-pitch
https://thetwentyminutevc.libsyn.com/rss,The Twenty Minute VC (20VC): Venture Capital | Startup Funding | The Pitch,e0c4c807-7859-46c1-95ff-4a35d1a8fd73,"20VC Exclusive: Mercor Raises $100M at a $2BN Valuation: Scaling to $70M in ARR in 24 Months | 9-9-6: 9AM-9PM - 6 Days Per Week: The Most Intense Culture in Silicon Valley | The Future of Programming, Models and Data with Adarsh Hiremath",https://traffic.libsyn.com/secure/thetwentyminutevc/20VC-_Adarsh_Hiremath__Mercor.mp3?dest-id=240976,2025-02-20T07:07:00,the-twenty-minute-vc-20vc-venture-capital-startup-funding-the-pitch
https://thetwentyminutevc.libsyn.com/rss,The Twenty Minute VC (20VC): Venture Capital | Startup Funding | The Pitch,9d5ffd7e-42a4-4ec0-8192-8f8657b36a2b,"20VC: NVIDIA vs Groq: The Future of Training vs Inference | Meta, Google, and Microsoft's Data Center Investments: Who Wins | Data, Compute, Models: The Core Bottlenecks in AI & Where Value Will Distribute with Jonathan Ross, Founder @ Groq",https://traffic.libsyn.com/secure/thetwentyminutevc/20VC-_Jonathan_Ross_Founder__CEO__Groq.mp3?dest-id=240976,2025-02-17T07:07:00,the-twenty-minute-vc-20vc-venture-capital-startup-funding-the-pitch
https://thetwentyminutevc.libsyn.com/rss,The Twenty Minute VC (20VC): Venture Capital | Startup Funding | The Pitch,d2e27119-b76c-401d-9990-6468be0cea36,20VC: From Penniless Printing Shop Offices to Public Company and One of the Largest Entertainment Companies: The Story of LADbible | The Future of Content & Social Media | US vs Europe: Is Europe F****** with Solly Solomou,https://traffic.libsyn.com/secure/thetwentyminutevc/20VC-_Solly_Solomou_Founder__CEO__LADbible.mp3?dest-id=240976,2025-02-14T07:07:00,the-twenty-minute-vc-20vc-venture-capital-startup-funding-the-pitch
https://thetwentyminutevc.libsyn.com/rss,The Twenty Minute VC (20VC): Venture Capital | Startup Funding | The Pitch,74ac815d-6274-4b46-9065-0b63c58e5beb,"20VC: Monzo: The Greatest Turnaround in Tech: From £40M Revenues, Layoffs, Downrounds and Low Employee NPS to $1BN in Revenue, Profitable and 10M Customers with TS Anil, CEO @ Monzo",https://traffic.libsyn.com/secure/thetwentyminutevc/TS_FINAL.mp3?dest-id=240976,2025-02-13T17:54:00,the-twenty-minute-vc-20vc-venture-capital-startup-funding-the-pitch
https://thetwentyminutevc.libsyn.com/rss,The Twenty Minute VC (20VC): Venture Capital | Startup Funding | The Pitch,cd38f9ff-08af-4b05-a5a4-dd52dc01b159,"20VC: The $5BN Company Built from the Belgian Countryside | The Story of Odoo: The Company with No Plans to Sell, IPO & Their Billionaire Founder Who Does Not Care About Money with Fabien Pinckaers, Founder & CEO @ Odoo",https://traffic.libsyn.com/secure/thetwentyminutevc/20VC-_Fabien_Pinckaers_Founder__CEO__Odoo.mp3?dest-id=240976,2025-02-12T07:07:00,the-twenty-minute-vc-20vc-venture-capital-startup-funding-the-pitch
https://thetwentyminutevc.libsyn.com/rss,The Twenty Minute VC (20VC): Venture Capital | Startup Funding | The Pitch,b2acf0c1-4162-4d56-aa0e-517178d92cbf,"20VC: Why Model Providers Will Kill Many Startups Moving into the Application Layer | Why Deepseek is not a Threat to OpenAI & Why OpenAI Beats Anthropic | Apps vs Models vs Infrastructure: Where is Value in AI with Sridhar Ramaswamy, Snowflake CEO",https://traffic.libsyn.com/secure/thetwentyminutevc/20VC-_Sridhar_Ramaswamy_CEO__Snowflake.mp3?dest-id=240976,2025-02-10T07:07:00,the-twenty-minute-vc-20vc-venture-capital-startup-funding-the-pitch
https://thetwentyminutevc.libsyn.com/rss,The Twenty Minute VC (20VC): Venture Capital | Startup Funding | The Pitch,a5241b1a-68b1-4f5c-a0aa-b382e0570ae1,20Product: Product Secrets Behind Uber and Opendoor | How AI Changes the Role of the PM & The Product Development Process | How to Hire the Best Product Teams & What No One Does That Everyone Should Do with Brian Tolkin,https://traffic.libsyn.com/secure/thetwentyminutevc/20Prouct-_Brian_Tolkin_Head_of_Product__Opendoor.mp3?dest-id=240976,2025-02-07T07:07:00,the-twenty-minute-vc-20vc-venture-capital-startup-funding-the-pitch
https://thetwentyminutevc.libsyn.com/rss,The Twenty Minute VC (20VC): Venture Capital | Startup Funding | The Pitch,0cf64684-a208-4ba5-add5-bcf67bf11907,20VC: Affirm Max Levchin on Why Grading Talent by Letter (A or B) is Total BS | How to Create a Culture of Post Mortems and Writing | Why You Should Only Study Failure Not Success & The Biggest Surprises Scaling to $18.7BN Market Cap,https://traffic.libsyn.com/secure/thetwentyminutevc/20VC-_Max_Levchin__Affirm.mp3?dest-id=240976,2025-02-05T11:55:00,the-twenty-minute-vc-20vc-venture-capital-startup-funding-the-pitch
https://thetwentyminutevc.libsyn.com/rss,The Twenty Minute VC (20VC): Venture Capital | Startup Funding | The Pitch,90fae46b-72ca-4772-a837-fc29bef49249,20VC: Lime's CEO on Going from Losing $3 on Every $1 to $90M in EBITDA | How Lime Built the Global Leader in Micromobility When Competitors Went Bust | Losing 90% of Revenues in COVID and The Uber Deal That Saved the Company with Wayne Ting,https://traffic.libsyn.com/secure/thetwentyminutevc/Wayne_Ting__Lime.mp3?dest-id=240976,2025-01-30T12:10:00,the-twenty-minute-vc-20vc-venture-capital-startup-funding-the-pitch
https://thetwentyminutevc.libsyn.com/rss,The Twenty Minute VC (20VC): Venture Capital | Startup Funding | The Pitch,66f6e80e-2881-4510-b7ed-df557e3d5bda,"20VC: Deepseek Special: Is Deepseek a Weapon of the CCP | How Should OpenAI and the US Government Respond | Why $500BN for Stargate is Not Enough | The Future of Inference, NVIDIA and Foundation Models with Jonathan Ross @ Groq",https://traffic.libsyn.com/secure/thetwentyminutevc/20VC-_Deepseek_Special_with_Jonathan_Ross.mp3?dest-id=240976,2025-01-30T12:06:00,the-twenty-minute-vc-20vc-venture-capital-startup-funding-the-pitch
https://thetwentyminutevc.libsyn.com/rss,The Twenty Minute VC (20VC): Venture Capital | Startup Funding | The Pitch,a9f43e2f-f074-4256-a05f-acdb5ac505df,"20Sales: Why Every Sales Rep Should Do Pipeline Generation & How to Teach Them | Verticalised Sales Playbooks: When and How | How the Best Sales Reps and Leaders Structure Their Time with Carlos Delatorre, CRO @ Harness",https://traffic.libsyn.com/secure/thetwentyminutevc/20Sales-_Carlos_Delatorre_CRO__Harness.mp3?dest-id=240976,2025-01-24T07:07:00,the-twenty-minute-vc-20vc-venture-capital-startup-funding-the-pitch
https://thetwentyminutevc.libsyn.com/rss,The Twenty Minute VC (20VC): Venture Capital | Startup Funding | The Pitch,48b4a59d-e12c-4fe0-a37a-a06ebf39ce0a,"20VC: Why All AI Companies Are Under-Valued | The Future of Foundation Models: Scaling Laws, Generalised vs Specialised, Commoditised? | From Unable to Afford Rent to Raising $130M From Index and Peter Thiel with George Sivulka @ Hebbia",https://traffic.libsyn.com/secure/thetwentyminutevc/20VC-_George_Sivulka__Hebbia.mp3?dest-id=240976,2025-01-22T07:08:00,the-twenty-minute-vc-20vc-venture-capital-startup-funding-the-pitch
https://thetwentyminutevc.libsyn.com/rss,The Twenty Minute VC (20VC): Venture Capital | Startup Funding | The Pitch,77ba2e1f-cebf-427d-bb5a-9b79e357ae3d,20VC: Why Large Seed Rounds Increase the Chances of Success | When to Sell in Venture | Why Multi-Stage Firms Do Not Do The Work | Is Europe Totally F****** and Why AI Means London Can Compete with the US with Hussein Kanji,https://traffic.libsyn.com/secure/thetwentyminutevc/20VC-_Hussein_Kanji__Hoxton_Ventures.mp3?dest-id=240976,2025-01-20T07:07:00,the-twenty-minute-vc-20vc-venture-capital-startup-funding-the-pitch
https://thetwentyminutevc.libsyn.com/rss,The Twenty Minute VC (20VC): Venture Capital | Startup Funding | The Pitch,ccda9df6-7cce-4d62-8759-1cd9aa92f77c,"20VC: Monday.com: Scaling from $6M to $120M in ARR in 3 Years | How Monday Have Built the Best Performance Marketing Engine in SaaS | Going Upmarket, International and Multi-Product; The Biggest Lessons and Mistakes with Eran Zinman",https://traffic.libsyn.com/secure/thetwentyminutevc/20VC-_Eran_Zinman_Co-Founder__Co-CEO__Monday.mp3?dest-id=240976,2025-01-17T07:07:00,the-twenty-minute-vc-20vc-venture-capital-startup-funding-the-pitch
https://thetwentyminutevc.libsyn.com/rss,The Twenty Minute VC (20VC): Venture Capital | Startup Funding | The Pitch,206947be-80bc-4538-bf81-d76b7a39393e,20VC: Why Scaling Laws Will Not Continue | OpenAI vs Anthropic vs X.ai: Who Wins and Why | How Far Will Model Providers Go Into the Application Layer | The End State for Models: Many Specialised or Few Generalised with Victor Riparbelli @ Synthesia,https://traffic.libsyn.com/secure/thetwentyminutevc/20VC-_Victor_Riparbelli__Synthesia.mp3?dest-id=240976,2025-01-15T07:07:00,the-twenty-minute-vc-20vc-venture-capital-startup-funding-the-pitch
https://thetwentyminutevc.libsyn.com/rss,The Twenty Minute VC (20VC): Venture Capital | Startup Funding | The Pitch,150c8a9f-eade-4fb2-821a-f768db2a49d9,20VC: Shervin Pishevar on The Epic Uber War and What Really Happened in the Firing of Travis Kalanick | Raising $15BN to Win China | Why The Traditional Venture Capital Model is Dead | The Future of Quantum and How We Will Cure All Diseases in 10 Years,https://traffic.libsyn.com/secure/thetwentyminutevc/20VC-_Shervin_Pishevar.mp3?dest-id=240976,2025-01-13T07:07:00,the-twenty-minute-vc-20vc-venture-capital-startup-funding-the-pitch
https://thetwentyminutevc.libsyn.com/rss,The Twenty Minute VC (20VC): Venture Capital | Startup Funding | The Pitch,3663af49-0223-4786-a9f0-ae370ebf8f12,20VC: The Future of Foundation Models | The Future of AI Consumer Apps and Why OpenAI Did a Disservice to Them | The Future of Music: Spotify vs YouTube & Spotify vs TikTok: What Happens with Mikey Shulman @ Suno,https://traffic.libsyn.com/secure/thetwentyminutevc/20VC-_Mikey_Shulman_Co-Founder__CEO__Suno.mp3?dest-id=240976,2025-01-10T07:07:00,the-twenty-minute-vc-20vc-venture-capital-startup-funding-the-pitch
https://thetwentyminutevc.libsyn.com/rss,The Twenty Minute VC (20VC): Venture Capital | Startup Funding | The Pitch,35b523e7-b4d4-42cc-aac7-c7ecd8fdf8c0,"20VC: Carvana: The Most Wild Story in Public Markets: From $60BN to $400M and Back to $40BN | The Biggest Opportunities, Mistakes and Challenges Ahead for One of the Public Market's Only 100x Investments",https://traffic.libsyn.com/secure/thetwentyminutevc/FINAL_Dan_Gill__Carvana.mp3?dest-id=240976,2025-01-08T17:39:00,the-twenty-minute-vc-20vc-venture-capital-startup-funding-the-pitch
https://thetwentyminutevc.libsyn.com/rss,The Twenty Minute VC (20VC): Venture Capital | Startup Funding | The Pitch,e18776ac-0169-477c-9158-54f720666962,20VC: How To Do a 10x Seed Fund in 2025 | Three Frameworks to Evaluate Startups an Founders | Lessons from Losing Billions Missing Airbnb and Pinterest & Investing Lessons from Charlie Munger with Mike Maples @ Floodgate,https://traffic.libsyn.com/secure/thetwentyminutevc/20VC-_Mike_Maples__Floodgate.mp3?dest-id=240976,2025-01-06T07:07:00,the-twenty-minute-vc-20vc-venture-capital-startup-funding-the-pitch
https://saastr.libsyn.com/rss,The Official SaaStr Podcast: SaaS | Founders | Investors,b80198d2-a604-46bb-9daa-cadd96e2b775,SaaStr 802: SaaS + AI: It’s Time to Move Much Faster with SaaStr CEO and Founder Jason Lemkin,https://traffic.libsyn.com/secure/saastr/Annual_2025_video_edits__-_jason__-_opener_-_spotify.mp3?dest-id=349407,2025-05-21T14:04:00,the-official-saastr-podcast-saas-founders-investors
https://saastr.libsyn.com/rss,The Official SaaStr Podcast: SaaS | Founders | Investors,815d7234-f89d-4103-8d8b-68297bfbc465,"SaaStr 801: AI, M&A, and the Future of SaaS: Lessons from Marc Benioff, Chair, CEO & Co-Founder of Salesforce",https://traffic.libsyn.com/secure/saastr/2025_video_edits__-_jason_-_benioff_-_spotify-updated_copy.prproj.mp3?dest-id=349407,2025-05-02T07:24:00,the-official-saastr-podcast-saas-founders-investors
https://saastr.libsyn.com/rss,The Official SaaStr Podcast: SaaS | Founders | Investors,d28cb955-a6a8-4b1e-8d7e-d8638ed4a0df,SaaStr 800: 10 Ways AI Is Going to Change Sales. For Real with SaaStr CEO and Founder Jason Lemkin,https://traffic.libsyn.com/secure/saastr/2025_video_edits_-_ww_-_jason_-_ai_in_sales_-_spotify-updated-2.mp3?dest-id=349407,2025-04-25T21:33:00,the-official-saastr-podcast-saas-founders-investors
https://saastr.libsyn.com/rss,The Official SaaStr Podcast: SaaS | Founders | Investors,ec173710-4ef3-417e-b49d-4b1dd28519b1,SaaStr 799: The Series A Landscape in 2025: Insights from Chemistry VC’s Ethan Kurzweil,https://traffic.libsyn.com/secure/saastr/2025_video_edits_-_ww_-_jason_-_chemistry_-_spotify.mp3?dest-id=349407,2025-04-18T15:59:00,the-official-saastr-podcast-saas-founders-investors
https://saastr.libsyn.com/rss,The Official SaaStr Podcast: SaaS | Founders | Investors,85fbad58-4932-47c1-bab0-716e4b71a727,SaaStr 798: The Top 10 Reasons to Come to 2025 SaaStr Annual May 13-15 in SF Bay with SaaStr CEO Jason Lemkin,https://traffic.libsyn.com/secure/saastr/2025_video_edits_-_top_10_reasons_to_come_to_2025_saastr_annual_may.mp3?dest-id=349407,2025-04-11T12:11:00,the-official-saastr-podcast-saas-founders-investors
https://saastr.libsyn.com/rss,The Official SaaStr Podcast: SaaS | Founders | Investors,3ec77554-d36d-4156-8894-ea2900436e99,"SaaStr 797: GTM in 2025: How It's Changed, How It's Changing, and What Hasn't Changed (Yet) with Jason Lemkin and Sam Blond",https://traffic.libsyn.com/secure/saastr/new_-_2025_video_edits_-_ww_-_jason_-_sam_-_SPOTIFY.mp3?dest-id=349407,2025-04-02T06:57:00,the-official-saastr-podcast-saas-founders-investors
https://saastr.libsyn.com/rss,The Official SaaStr Podcast: SaaS | Founders | Investors,9769e3ad-e100-4989-b401-465e9ce1fbca,"SaaStr 796: The Secrets Inside Google Cloud’s Growth with Sarah Kennedy, Vice President Google Cloud Marketing",https://traffic.libsyn.com/secure/saastr/2025_video_edits_-_google_cloud_-_SPOTIFY_-_2_updated.mp3?dest-id=349407,2025-03-26T06:39:00,the-official-saastr-podcast-saas-founders-investors
https://saastr.libsyn.com/rss,The Official SaaStr Podcast: SaaS | Founders | Investors,788fba76-eb12-4f1d-9d7a-514b53fa7d67,"SaaStr 795: The AI Impact on Banking and Finance with CEO and Co-founder at Treasury Prime, Chris Dean",https://traffic.libsyn.com/secure/saastr/2025_video_edits_-_jml_riverside_-_treasury_prime_-_spotify.mp3?dest-id=349407,2025-03-19T07:11:00,the-official-saastr-podcast-saas-founders-investors
https://saastr.libsyn.com/rss,The Official SaaStr Podcast: SaaS | Founders | Investors,e87ca9b9-22e4-4aab-ac10-5d94aa40b5cf,SaaStr 794: The Top 10 Customer Success Metrics Investors Care About in 2025 with Gainsight CEO Nick Mehta,https://traffic.libsyn.com/secure/saastr/2025_video_edits_-_2024_annual_-_gainsight_-_SPOTIFY.mp3?dest-id=349407,2025-03-14T06:55:00,the-official-saastr-podcast-saas-founders-investors
https://saastr.libsyn.com/rss,The Official SaaStr Podcast: SaaS | Founders | Investors,b218f033-bceb-4e37-b51a-dff4348dca3c,SaaStr 793: The 10-Point Checklist For When You Sell Your Company with David Frankel Managing Partner at Founder Collective and SaaStr CEO and Founder Jason Lemkin,https://traffic.libsyn.com/secure/saastr/2025_video_edits_-_jml_-_ww_-_founder_collective_-_SPOTIFY.mp3?dest-id=349407,2025-03-12T07:03:00,the-official-saastr-podcast-saas-founders-investors
https://saastr.libsyn.com/rss,The Official SaaStr Podcast: SaaS | Founders | Investors,69dea749-4b6f-4d39-a7b1-49615dfa447d,SaaStr 792: Why I’m Scared to Buy New SaaS Apps Now with SaaStr CEO and Founder Jason Lemkin,https://traffic.libsyn.com/secure/saastr/2025_video_edits_-_jml_-_buying_saas_-_spotify.mp3?dest-id=349407,2025-03-07T08:03:00,the-official-saastr-podcast-saas-founders-investors
https://saastr.libsyn.com/rss,The Official SaaStr Podcast: SaaS | Founders | Investors,e6e44528-cb7a-49c0-866a-07ab992e5fee,"SaaStr 791: CRO Confidential: How Codeium Built A Billion-Dollar AI Company and a Winning Sales Machine with VP of Worldwide Sales, Graham Moreno",https://traffic.libsyn.com/secure/saastr/2025_video_edits_-_CRO_confidential_-_Codium_-_spotify.mp3?dest-id=349407,2025-03-05T08:28:00,the-official-saastr-podcast-saas-founders-investors
https://saastr.libsyn.com/rss,The Official SaaStr Podcast: SaaS | Founders | Investors,0ce3112c-4b2c-4ece-a716-55372889cf0c,SaaStr 790: AI at Scale: 8 Learnings from monday.com Co-Founder and Co-Ceo Eran Zinman and SaaStr CEO and Founder Jason Lemkin,https://traffic.libsyn.com/secure/saastr/2025__video_edits_-_JML_-_monday.com_-_SPOtify_2.mp3?dest-id=349407,2025-02-28T07:17:00,the-official-saastr-podcast-saas-founders-investors
https://saastr.libsyn.com/rss,The Official SaaStr Podcast: SaaS | Founders | Investors,62c638e5-3379-4cf0-bb33-4fe4b4f93281,"SaaStr 789: 10 Things No One Tells You About Getting Acquired for $1.5B Steve Mitzenmacher, Former Vice President Corporate Development, Own Company",https://traffic.libsyn.com/secure/saastr/2025_WW_video_edits_-_own_acquisition_SPOTIFY.mp3?dest-id=349407,2025-02-26T06:00:00,the-official-saastr-podcast-saas-founders-investors
https://saastr.libsyn.com/rss,The Official SaaStr Podcast: SaaS | Founders | Investors,09f87aaf-fdce-4629-89a1-c167638500e1,SaaStr 788: The Real Data on What it Takes to Go Big and Eventually IPO with Meritech Capital,https://traffic.libsyn.com/secure/saastr/2024_Annual_video_edits_-_Meritech_Capital_session_-_SPOTIFY.mp3?dest-id=349407,2025-02-21T08:43:00,the-official-saastr-podcast-saas-founders-investors
https://saastr.libsyn.com/rss,The Official SaaStr Podcast: SaaS | Founders | Investors,ecbe542b-8345-427b-b54e-cee8a72a42bd,SaaStr 787: The 2025 SaaS Vibe Check: What Founders Need to Know Right Now with SaaStr CEO and Founder Jason Lemkin,https://traffic.libsyn.com/secure/saastr/2025_video_edits_-_JML_vibe_check_podcast_.mp3?dest-id=349407,2025-02-19T12:15:00,the-official-saastr-podcast-saas-founders-investors
https://saastr.libsyn.com/rss,The Official SaaStr Podcast: SaaS | Founders | Investors,976ff775-3fbc-4e73-a9e7-d3a8502b6dfe,SaaStr 786: Going Long: How Procore’s Founder Tooey Courtemanche Built a Billon-Dollar SaaS Empire Over 23 Years,https://traffic.libsyn.com/secure/saastr/2025__video_edits_-_JML_procore_podcast_-_SPOTIFY.mp3?dest-id=349407,2025-02-14T14:53:00,the-official-saastr-podcast-saas-founders-investors
https://saastr.libsyn.com/rss,The Official SaaStr Podcast: SaaS | Founders | Investors,836ddbcd-c7e2-4dc2-9ceb-508ad6911dce,"SaaStr 785: The Playbook for Going Upmarket with Stripe's CBO, Jeanne Dewitt Grosser, and Checkr's COO, Lindsey Scrase",https://traffic.libsyn.com/secure/saastr/2024_annual_video_edits_-_stripe_and_checkr_-_SPOTIFY.mp3?dest-id=349407,2025-02-12T08:53:00,the-official-saastr-podcast-saas-founders-investors
https://saastr.libsyn.com/rss,The Official SaaStr Podcast: SaaS | Founders | Investors,c430ef31-1655-4391-819f-a7cd4ed353a5,SaaStr 784: From $1M to $3B ARR: Databricks CRO Ron Gabrisko on Scaling a Revenue Rocket Ship,https://traffic.libsyn.com/secure/saastr/2025_CRO_Confidential_-_Databricks_-_spotify.mp3?dest-id=349407,2025-02-07T12:09:00,the-official-saastr-podcast-saas-founders-investors
https://saastr.libsyn.com/rss,The Official SaaStr Podcast: SaaS | Founders | Investors,5ff8dbe4-7477-4473-8d44-33903c0483fe,SaaStr 783: How to Build a World-Class Customer Success Machine - Top Lessons from the CRO of Notion and VP of CS at GitHub,https://traffic.libsyn.com/secure/saastr/2024_annual_video_edits_-_Notion_and_GitHub_-_SPOTIFY.mp3?dest-id=349407,2025-02-05T07:55:00,the-official-saastr-podcast-saas-founders-investors
https://saastr.libsyn.com/rss,The Official SaaStr Podcast: SaaS | Founders | Investors,0748da29-22e0-47b1-92eb-991f6aec0d88,SaaStr 782: The Future of AI in B2B SaaS: Insights from Synthesia's CEO and Theory Ventures. Hosted by SaaStr CEO Jason Lemkin,https://traffic.libsyn.com/secure/saastr/2025__video_edits_-_AI_day_-_opener_spotify_pod.mp3?dest-id=349407,2025-01-31T06:57:00,the-official-saastr-podcast-saas-founders-investors
https://saastr.libsyn.com/rss,The Official SaaStr Podcast: SaaS | Founders | Investors,4d538d6e-954c-450b-9bd3-ec3fcb0d0105,SaaStr 781: The RevOps Playbook: Owner.com CRO’s Secrets to Scaling,https://traffic.libsyn.com/secure/saastr/2025_annual_video_edits_-_SPOTIFY_-_owner_CRO_pod.mp3?dest-id=349407,2025-01-29T06:18:00,the-official-saastr-podcast-saas-founders-investors
https://saastr.libsyn.com/rss,The Official SaaStr Podcast: SaaS | Founders | Investors,7f54be60-6b2c-47f7-ae2c-e86a2ebbbbef,SaaStr 780: 9 Things You Can Do to Grow Faster this Year with SaaStr CEO and Founder Jason Lemkin,https://traffic.libsyn.com/secure/saastr/2025_WW_video_edits_-_SPOTIFY_-_JML_NY_resolutions.mp3?dest-id=349407,2025-01-24T08:27:00,the-official-saastr-podcast-saas-founders-investors
https://saastr.libsyn.com/rss,The Official SaaStr Podcast: SaaS | Founders | Investors,1eef9e03-0fdc-40d6-92ae-5f778e1d03e8,"SaaStr 789: What to Expect from a New CRO with Kathy Lord, CRO at Zensai and Jason Lemkin, SaaStr CEO and Founder",https://traffic.libsyn.com/secure/saastr/2025_WW_video_edits_-_SPOTIFY_-_Zensai_CRO.mp3?dest-id=349407,2025-01-22T07:24:00,the-official-saastr-podcast-saas-founders-investors
https://saastr.libsyn.com/rss,The Official SaaStr Podcast: SaaS | Founders | Investors,02e97088-2e2f-4fba-b672-acec67fe15f7,"SaaStr 788: Going Multi-Product in the Age of AI with Webflow, Rubrik, Zoom, and ProductBoard",https://traffic.libsyn.com/secure/saastr/2024_Annual_video_edits_-_AI_Product_Panel.mp3?dest-id=349407,2025-01-17T07:54:00,the-official-saastr-podcast-saas-founders-investors
https://saastr.libsyn.com/rss,The Official SaaStr Podcast: SaaS | Founders | Investors,dbde4d84-21c3-4eb1-9eba-cf62c88114c1,SaaStr 787: 10 Ways Sales is Different in Vertical SaaS with Mangomint’s VP of Sales Marchelle Mooney,https://traffic.libsyn.com/secure/saastr/2025_WW_video_edits_-_mangomint_-_coming_up.mp3?dest-id=349407,2025-01-15T08:21:00,the-official-saastr-podcast-saas-founders-investors
https://saastr.libsyn.com/rss,The Official SaaStr Podcast: SaaS | Founders | Investors,6153c0e9-30e3-4fa3-a407-e1cfc98a1751,"SaaStr 786: Adding AI to SaaS: Inside the AI Product Strategies of Figma, Cloudflare, GitHub and Ramp",https://traffic.libsyn.com/secure/saastr/2024_Annual_video_edits_-_SPOTIFY_-_Ramp_AI_Panel.mp3?dest-id=349407,2025-01-10T07:21:00,the-official-saastr-podcast-saas-founders-investors
https://saastr.libsyn.com/rss,The Official SaaStr Podcast: SaaS | Founders | Investors,3edefc4e-176c-4676-b840-389bd0832d83,SaaStr 785: Usage-Based Revenue Models: Successes and Pitfalls from Checkr COO Lindsey Scrase on CRO Confidential,https://traffic.libsyn.com/secure/saastr/2025_CRO_Confidential_video_edits_-_SPOTIFY_-_Checkr.mp3?dest-id=349407,2025-01-08T08:45:00,the-official-saastr-podcast-saas-founders-investors
https://saastr.libsyn.com/rss,The Official SaaStr Podcast: SaaS | Founders | Investors,d8cd7cf1-629c-44ae-ade9-e3ae8a4afd27,SaaStr 784: What Really Works When Hiring VPs and Executive Teams with HubSpot Co-Founder and Chairman Brian Halligan and SaaStr CEO and Founder Jason Lemkin,https://traffic.libsyn.com/secure/saastr/2025_JML_video_edits_-_SPOTIFY_-_Jason_-_Brian_-_HubSpot_Part_2.mp3?dest-id=349407,2025-01-03T08:22:00,the-official-saastr-podcast-saas-founders-investors
https://api.substack.com/feed/podcast/10845.rss,Lenny's Podcast: Product | Growth | Career,substack:post:162914366,Growth tactics from OpenAI and Stripe’s first marketer | Krithika Shankarraman,https://api.substack.com/feed/podcast/162914366/04142ff1262f6a1765a5063ceaaa6ba3.mp3,2025-05-25T11:01:00,lenny-s-podcast-product-growth-career
https://api.substack.com/feed/podcast/10845.rss,Lenny's Podcast: Product | Growth | Career,substack:post:162914323,"Unconventional product lessons from Binance, N26, Google, more | Mayur Kamat (CPO at N26, ex-Binance Head of Product)",https://api.substack.com/feed/podcast/162914323/655157b691de6bd54c41602cec0e0801.mp3,2025-05-22T11:01:00,lenny-s-podcast-product-growth-career
https://api.substack.com/feed/podcast/10845.rss,Lenny's Podcast: Product | Growth | Career,substack:post:162914299,Microsoft CPO: If you aren’t prototyping with AI you’re doing it wrong | Aparna Chennapragada,https://api.substack.com/feed/podcast/162914299/5768011c106cb25731e7e1737436f936.mp3,2025-05-18T11:01:00,lenny-s-podcast-product-growth-career
https://api.substack.com/feed/podcast/10845.rss,Lenny's Podcast: Product | Growth | Career,substack:post:162913215,"How Revolut trains world-class product managers: The “local CEO” model, raw intellect over experience, and a cultural obsession with building wow products | Dmitry Zlokazov (Head of Product)",https://api.substack.com/feed/podcast/162913215/1613d556e9faef2a6a180942424cdf25.mp3,2025-05-15T11:01:00,lenny-s-podcast-product-growth-career
https://api.substack.com/feed/podcast/10845.rss,Lenny's Podcast: Product | Growth | Career,substack:post:162911038,"How Palantir built the ultimate founder factory | Nabeel S. Qureshi (founder, writer, ex-Palantir)",https://api.substack.com/feed/podcast/162911038/04c57547d62db60799ff7356d3937333.mp3,2025-05-11T11:01:00,lenny-s-podcast-product-growth-career
https://api.substack.com/feed/podcast/10845.rss,Lenny's Podcast: Product | Growth | Career,substack:post:162572505,"How have I been complicit in creating the conditions I say I don’t want? | Jerry Colonna (CEO of Reboot, executive coach, former VC)",https://api.substack.com/feed/podcast/162572505/56b9d6748085bd4786a04eea0c2e02ad.mp3,2025-05-08T11:01:00,lenny-s-podcast-product-growth-career
https://api.substack.com/feed/podcast/10845.rss,Lenny's Podcast: Product | Growth | Career,substack:post:162381125,Inside Devin: The world’s first autonomous AI engineer that's set to write 50% of its company’s code by end of year | Scott Wu (CEO and co-founder of Cognition),https://api.substack.com/feed/podcast/162381125/f1513861ea6b86f3225bf5929d780330.mp3,2025-05-04T11:01:00,lenny-s-podcast-product-growth-career
https://api.substack.com/feed/podcast/10845.rss,Lenny's Podcast: Product | Growth | Career,substack:post:161570580,The rise of Cursor: The $300M ARR AI tool that engineers can’t stop using | Michael Truell (co-founder and CEO),https://api.substack.com/feed/podcast/161570580/bea0db06b534461f29fe59a1d9d0f2ef.mp3,2025-05-01T11:01:00,lenny-s-podcast-product-growth-career
https://api.substack.com/feed/podcast/10845.rss,Lenny's Podcast: Product | Growth | Career,substack:post:161842014,"Inside monday.com’s transformation: radical transparency, impact over output, and their path to $1B ARR | Daniel Lereya (Chief Product and Technology Officer)",https://api.substack.com/feed/podcast/161842014/48c6aa6d8bac51474ead42d4c3cbe815.mp3,2025-04-27T11:01:00,lenny-s-podcast-product-growth-career
https://api.substack.com/feed/podcast/10845.rss,Lenny's Podcast: Product | Growth | Career,substack:post:161580333,Announcing a brand-new podcast: “How I AI” with Claire Vo 🔥,https://api.substack.com/feed/podcast/161580333/f573990308ad5551b8b84142b816c075.mp3,2025-04-22T13:00:00,lenny-s-podcast-product-growth-career
https://api.substack.com/feed/podcast/10845.rss,Lenny's Podcast: Product | Growth | Career,substack:post:160891886,Building a magical AI code editor used by over 1 million developers in four months: The untold story of Windsurf | Varun Mohan (co-founder & CEO),https://api.substack.com/feed/podcast/160891886/f54b1530ae768ee231e0fef55629b4c8.mp3,2025-04-20T11:01:00,lenny-s-podcast-product-growth-career
https://api.substack.com/feed/podcast/10845.rss,Lenny's Podcast: Product | Growth | Career,substack:post:160373674,"Everyone’s an engineer now: Inside v0’s mission to create a hundred million builders | Guillermo Rauch (founder & CEO of Vercel, creators of v0 and Next.js)",https://api.substack.com/feed/podcast/160373674/0f790266e1b7f5d0504bb177bfb5f3a6.mp3,2025-04-13T11:01:00,lenny-s-podcast-product-growth-career
https://api.substack.com/feed/podcast/10845.rss,Lenny's Podcast: Product | Growth | Career,substack:post:160459836,"OpenAI’s CPO on how AI changes must-have skills, moats, coding, startup playbooks, more | Kevin Weil (CPO at OpenAI, ex-Instagram, Twitter)",https://api.substack.com/feed/podcast/160459836/d35639974fa953a9aa74f21024aaadb1.mp3,2025-04-10T11:01:00,lenny-s-podcast-product-growth-career
https://api.substack.com/feed/podcast/10845.rss,Lenny's Podcast: Product | Growth | Career,substack:post:159875088,"Become a better communicator: Specific frameworks to improve your clarity, influence, and impact | Wes Kao (coach, entrepreneur, advisor)",https://api.substack.com/feed/podcast/159875088/6dc950f012613eda9b3cc3102bc2a793.mp3,2025-04-06T11:01:00,lenny-s-podcast-product-growth-career
https://api.substack.com/feed/podcast/10845.rss,Lenny's Podcast: Product | Growth | Career,substack:post:159362953,"A better way to plan, build, and ship products | Ryan Singer (creator of “Shape Up,” early employee at 37signals)",https://api.substack.com/feed/podcast/159362953/275d38fa55ec341b80a86607472e20c2.mp3,2025-03-30T11:01:00,lenny-s-podcast-product-growth-career
https://api.substack.com/feed/podcast/10845.rss,Lenny's Podcast: Product | Growth | Career,substack:post:155278162,"How to win in the AI era: Ship a feature every week, embrace technical debt, ruthlessly cut scope, and create magic your competitors can't copy | Gaurav Misra (CEO and co-founder of Captions)",https://api.substack.com/feed/podcast/155278162/c5dddb7f81a8c1a5e9b072a7000604ef.mp3,2025-03-27T11:01:00,lenny-s-podcast-product-growth-career
https://api.substack.com/feed/podcast/10845.rss,Lenny's Podcast: Product | Growth | Career,substack:post:158951319,"Superhuman's secret to success: Ignoring most customer feedback, manually onboarding every new user, obsessing over every detail, and positioning around a single attribute: speed | Rahul Vohra (CEO)",https://api.substack.com/feed/podcast/158951319/02982aafcb6e8aa6bce6c69c4119d4ca.mp3,2025-03-23T11:01:00,lenny-s-podcast-product-growth-career
https://api.substack.com/feed/podcast/10845.rss,Lenny's Podcast: Product | Growth | Career,substack:post:158784718,"The hidden power of introverts: How to thrive without changing who you are | Susan Cain (author of ""Quiet"")",https://api.substack.com/feed/podcast/158784718/d254812814e78d1e87614cc15b3c1696.mp3,2025-03-16T11:01:00,lenny-s-podcast-product-growth-career
https://api.substack.com/feed/podcast/10845.rss,Lenny's Podcast: Product | Growth | Career,substack:post:158385460,Inside Bolt: From near-death to ~$40m ARR in 5 months—one of the fastest-growing products in history | Eric Simons (founder & CEO of StackBlitz),https://api.substack.com/feed/podcast/158385460/50447ea06a52da363d5faa358a2ce627.mp3,2025-03-13T11:01:00,lenny-s-podcast-product-growth-career
https://api.substack.com/feed/podcast/10845.rss,Lenny's Podcast: Product | Growth | Career,substack:post:158145804,Building Lovable: $10M ARR in 60 days with 15 people | Anton Osika (CEO and co-founder),https://api.substack.com/feed/podcast/158145804/fb2a8aea55b4844279cd542728dbb383.mp3,2025-03-09T11:01:00,lenny-s-podcast-product-growth-career
https://api.substack.com/feed/podcast/10845.rss,Lenny's Podcast: Product | Growth | Career,substack:post:158040537,"Notion’s lost years, its near collapse during Covid, staying small to move fast, the joy and suffering of building horizontal, more | Ivan Zhao (CEO and co-founder)",https://api.substack.com/feed/podcast/158040537/55ecd33285002f1ec75dd5fa70cf6027.mp3,2025-03-06T12:01:00,lenny-s-podcast-product-growth-career
https://api.substack.com/feed/podcast/10845.rss,Lenny's Podcast: Product | Growth | Career,substack:post:157834676,"The creator of WordPress opens up about becoming an internet villain, why he’s taking a stand, and the future of open source | Matt Mullenweg (founder and CEO, Automattic)",https://api.substack.com/feed/podcast/157834676/f8b29e6b816ab4e235945818183ec800.mp3,2025-03-02T12:01:00,lenny-s-podcast-product-growth-career
https://api.substack.com/feed/podcast/10845.rss,Lenny's Podcast: Product | Growth | Career,substack:post:157562760,An inside look at X’s Community Notes | Keith Coleman (VP of Product) and Jay Baxter (ML Lead),https://api.substack.com/feed/podcast/157562760/76cf204362eb83e5bd4562974793c2e0.mp3,2025-02-27T12:01:00,lenny-s-podcast-product-growth-career
https://api.substack.com/feed/podcast/10845.rss,Lenny's Podcast: Product | Growth | Career,substack:post:155504640,"How to find work you love | Bob Moesta (Jobs-to-be-Done co-creator, author of ""Job Moves”)",https://api.substack.com/feed/podcast/155504640/ec3e3d7b957bf09494792229a257b294.mp3,2025-02-23T12:01:00,lenny-s-podcast-product-growth-career
https://api.substack.com/feed/podcast/10845.rss,Lenny's Podcast: Product | Growth | Career,substack:post:155277920,"A founder’s guide to crisis management | Uri Levine (Waze co-founder, serial entrepreneur)",https://api.substack.com/feed/podcast/155277920/56234c0a8f2278e99d0225b017770c8e.mp3,2025-02-16T12:01:00,lenny-s-podcast-product-growth-career
https://api.substack.com/feed/podcast/10845.rss,Lenny's Podcast: Product | Growth | Career,substack:post:155278140,"OpenAI researcher on why soft skills are the future of work | Karina Nguyen (Research at OpenAI, ex-Anthropic)",https://api.substack.com/feed/podcast/155278140/29b336399f6f9226d3378537755f1d38.mp3,2025-02-09T12:01:00,lenny-s-podcast-product-growth-career
https://api.substack.com/feed/podcast/10845.rss,Lenny's Podcast: Product | Growth | Career,substack:post:155265339,"Tobi Lütke’s leadership playbook: Playing infinite games, operating from first principles, and maximizing human potential (founder and CEO of Shopify)",https://api.substack.com/feed/podcast/155265339/0b2cdd785cba0ff5653acdba08dbd80f.mp3,2025-02-02T12:01:00,lenny-s-podcast-product-growth-career
https://api.substack.com/feed/podcast/10845.rss,Lenny's Podcast: Product | Growth | Career,substack:post:154771215,Linear’s secret to building beloved B2B products | Nan Yu (Head of Product),https://api.substack.com/feed/podcast/154771215/4b5d5e0b0daedc5e5904ccc841349ee8.mp3,2025-01-30T12:01:00,lenny-s-podcast-product-growth-career
https://api.substack.com/feed/podcast/10845.rss,Lenny's Podcast: Product | Growth | Career,substack:post:154031576,"An operator’s guide to product strategy | Chandra Janakiraman (CPO at VRChat, ex-Meta, Headspace, Zynga)",https://api.substack.com/feed/podcast/154031576/76378316253d2268bf603e0ccd3e7516.mp3,2025-01-26T12:01:00,lenny-s-podcast-product-growth-career
https://api.substack.com/feed/podcast/10845.rss,Lenny's Podcast: Product | Growth | Career,substack:post:154000215,"10 growth tactics that never work | Elena Verna (Amplitude, Miro, Dropbox, SurveyMonkey)",https://api.substack.com/feed/podcast/154000215/85868137d1a9a4e53fa96cec746d21bc.mp3,2025-01-19T12:01:00,lenny-s-podcast-product-growth-career
https://api.substack.com/feed/podcast/10845.rss,Lenny's Podcast: Product | Growth | Career,substack:post:153999975,"How to break out of autopilot and create the life you want | Graham Weaver (Stanford GSB professor, founder of Alpine Investors)",https://api.substack.com/feed/podcast/153999975/253dc61f2d0d25273879d9affc74484c.mp3,2025-01-16T12:01:00,lenny-s-podcast-product-growth-career
https://api.substack.com/feed/podcast/10845.rss,Lenny's Podcast: Product | Growth | Career,substack:post:153824171,"How to build your product team from scratch, attract top product talent, go multi-product, and more | Rohini Pandhi (Mercury, Square)",https://api.substack.com/feed/podcast/153824171/d99fb9ce687c7ddc3e8620eb27485f25.mp3,2025-01-12T12:01:00,lenny-s-podcast-product-growth-career
https://api.substack.com/feed/podcast/10845.rss,Lenny's Podcast: Product | Growth | Career,substack:post:153824192,Behind the founder: Drew Houston (Dropbox),https://api.substack.com/feed/podcast/153824192/e7418c5ffcc7fe71fd8f945ca82b5825.mp3,2025-01-09T12:01:00,lenny-s-podcast-product-growth-career
https://api.substack.com/feed/podcast/10845.rss,Lenny's Podcast: Product | Growth | Career,substack:post:153650145,"Scripts for difficult conversations: Giving hard feedback, navigating defensiveness, the three questions you should end every meeting with, more | Alisa Cohn (executive coach)",https://api.substack.com/feed/podcast/153650145/09eda53e3a843d217b3a5a9fa5871c9f.mp3,2025-01-05T12:01:00,lenny-s-podcast-product-growth-career
https://api.substack.com/feed/podcast/10845.rss,Lenny's Podcast: Product | Growth | Career,substack:post:153430776,"Inside Gong: How teams work with design partners, their pod structure, autonomy, trust, and more | Eilon Reshef (co-founder and CPO)",https://api.substack.com/feed/podcast/153430776/b230b7952e1e522df5f2c50103e74275.mp3,2025-01-02T12:01:00,lenny-s-podcast-product-growth-career
https://feeds.simplecast.com/JGE3yC0V,a16z Podcast,4c2fe9c7-ce0c-4ee2-a93e-993327035281,Sovereign AI: Why Nations Are Building Their Own Models,https://mgln.ai/e/1344/afp-848985-injected.calisto.simplecastaudio.com/3f86df7b-51c6-4101-88a2-550dba782de8/episodes/ef189add-2dda-4815-ab2d-f17dd4d87a70/audio/128/default.mp3?aid=rss_feed&awCollectionId=3f86df7b-51c6-4101-88a2-550dba782de8&awEpisodeId=ef189add-2dda-4815-ab2d-f17dd4d87a70&feed=JGE3yC0V,2025-05-24T10:00:00,a16z-podcast
https://feeds.simplecast.com/JGE3yC0V,a16z Podcast,61719217-bf40-4998-be1a-23bef65fc813,What Is an AI Agent?,https://mgln.ai/e/1344/afp-848985-injected.calisto.simplecastaudio.com/3f86df7b-51c6-4101-88a2-550dba782de8/episodes/1f87b33e-9dc7-4dfb-a7d5-1906de6907d6/audio/128/default.mp3?aid=rss_feed&awCollectionId=3f86df7b-51c6-4101-88a2-550dba782de8&awEpisodeId=1f87b33e-9dc7-4dfb-a7d5-1906de6907d6&feed=JGE3yC0V,2025-05-22T10:00:00,a16z-podcast
https://feeds.simplecast.com/JGE3yC0V,a16z Podcast,87ff5fe6-2184-488d-bc29-49909fdeb274,The Evolution of the Firm — with Ben and Marc,https://mgln.ai/e/1344/afp-848985-injected.calisto.simplecastaudio.com/3f86df7b-51c6-4101-88a2-550dba782de8/episodes/d9df049d-7f41-4b9b-b785-f573dbcf875e/audio/128/default.mp3?aid=rss_feed&awCollectionId=3f86df7b-51c6-4101-88a2-550dba782de8&awEpisodeId=d9df049d-7f41-4b9b-b785-f573dbcf875e&feed=JGE3yC0V,2025-05-20T10:00:00,a16z-podcast
https://feeds.simplecast.com/JGE3yC0V,a16z Podcast,adffe5c7-c36e-41f5-a92e-f6e8fd74be76,Unbundling the BPO: How AI Is Disrupting Outsourced Work,https://mgln.ai/e/1344/afp-848985-injected.calisto.simplecastaudio.com/3f86df7b-51c6-4101-88a2-550dba782de8/episodes/198ae73b-2f3f-465b-a758-b0586a9dd61c/audio/128/default.mp3?aid=rss_feed&awCollectionId=3f86df7b-51c6-4101-88a2-550dba782de8&awEpisodeId=198ae73b-2f3f-465b-a758-b0586a9dd61c&feed=JGE3yC0V,2025-05-17T15:23:57,a16z-podcast
https://feeds.simplecast.com/JGE3yC0V,a16z Podcast,75798685-a9d7-418a-aac5-c2061d905ec8,"Marc Andreessen: Deep Vs. Broad Founders, AI in America, & the New Face of a16z",https://mgln.ai/e/1344/afp-848985-injected.calisto.simplecastaudio.com/3f86df7b-51c6-4101-88a2-550dba782de8/episodes/563c35a2-d649-4c26-975a-ff6187b87521/audio/128/default.mp3?aid=rss_feed&awCollectionId=3f86df7b-51c6-4101-88a2-550dba782de8&awEpisodeId=563c35a2-d649-4c26-975a-ff6187b87521&feed=JGE3yC0V,2025-05-16T10:00:00,a16z-podcast
https://feeds.simplecast.com/JGE3yC0V,a16z Podcast,b72b5792-b458-442d-b0c1-8925c06ed612,What Super Agers Reveal About Preventing Disease,https://mgln.ai/e/1344/afp-848985-injected.calisto.simplecastaudio.com/3f86df7b-51c6-4101-88a2-550dba782de8/episodes/ffe8901e-4ff0-409a-aef2-84fc2daf013e/audio/128/default.mp3?aid=rss_feed&awCollectionId=3f86df7b-51c6-4101-88a2-550dba782de8&awEpisodeId=ffe8901e-4ff0-409a-aef2-84fc2daf013e&feed=JGE3yC0V,2025-05-14T10:00:00,a16z-podcast
https://feeds.simplecast.com/JGE3yC0V,a16z Podcast,25a12538-2fe4-4c5c-8d3f-32f69f551bc5,Startups & Defense: Katherine Boyle on TBPN,https://mgln.ai/e/1344/afp-848985-injected.calisto.simplecastaudio.com/3f86df7b-51c6-4101-88a2-550dba782de8/episodes/3da31d7d-fed0-49db-9e93-7feba07d507a/audio/128/default.mp3?aid=rss_feed&awCollectionId=3f86df7b-51c6-4101-88a2-550dba782de8&awEpisodeId=3da31d7d-fed0-49db-9e93-7feba07d507a&feed=JGE3yC0V,2025-05-07T16:27:14,a16z-podcast
https://feeds.simplecast.com/JGE3yC0V,a16z Podcast,46dc5446-2e3b-46d6-b4af-24e7c0e8beff,Do You Really Know Your ICP? Why It Matters and How to Find Out,https://mgln.ai/e/1344/afp-848985-injected.calisto.simplecastaudio.com/3f86df7b-51c6-4101-88a2-550dba782de8/episodes/0f33fe24-52ee-493a-bc2e-ab2520913ffa/audio/128/default.mp3?aid=rss_feed&awCollectionId=3f86df7b-51c6-4101-88a2-550dba782de8&awEpisodeId=0f33fe24-52ee-493a-bc2e-ab2520913ffa&feed=JGE3yC0V,2025-05-07T10:00:00,a16z-podcast
https://feeds.simplecast.com/JGE3yC0V,a16z Podcast,d365d9ad-eff5-4de5-86b1-76f729f89220,The Software Crisis Behind America's Infrastructure,https://mgln.ai/e/1344/afp-848985-injected.calisto.simplecastaudio.com/3f86df7b-51c6-4101-88a2-550dba782de8/episodes/744b7edc-afd5-4dd1-af11-01957573e6b3/audio/128/default.mp3?aid=rss_feed&awCollectionId=3f86df7b-51c6-4101-88a2-550dba782de8&awEpisodeId=744b7edc-afd5-4dd1-af11-01957573e6b3&feed=JGE3yC0V,2025-04-30T10:00:00,a16z-podcast
https://feeds.simplecast.com/JGE3yC0V,a16z Podcast,b1b946cd-3d90-4d26-adb5-77115f5933ef,What Comes After Mobile? Meta’s Andrew Bosworth on AI and Consumer Tech,https://mgln.ai/e/1344/afp-848985-injected.calisto.simplecastaudio.com/3f86df7b-51c6-4101-88a2-550dba782de8/episodes/22eacec1-523a-40b5-9b55-d05d15f46f6e/audio/128/default.mp3?aid=rss_feed&awCollectionId=3f86df7b-51c6-4101-88a2-550dba782de8&awEpisodeId=22eacec1-523a-40b5-9b55-d05d15f46f6e&feed=JGE3yC0V,2025-04-24T10:00:00,a16z-podcast
https://feeds.simplecast.com/JGE3yC0V,a16z Podcast,24fed311-54ac-4dab-805a-ea90cd455b3b,The Dual-Use Founder: Vets Now Building For America,https://mgln.ai/e/1344/afp-848985-injected.calisto.simplecastaudio.com/3f86df7b-51c6-4101-88a2-550dba782de8/episodes/09fab82c-44ab-4bb7-8ecb-3054ff81f0cd/audio/128/default.mp3?aid=rss_feed&awCollectionId=3f86df7b-51c6-4101-88a2-550dba782de8&awEpisodeId=09fab82c-44ab-4bb7-8ecb-3054ff81f0cd&feed=JGE3yC0V,2025-04-16T10:00:00,a16z-podcast
https://feeds.simplecast.com/JGE3yC0V,a16z Podcast,c7ee1a04-d0e3-4163-a350-5965de187d8a,The Future of Drone Warfare,https://mgln.ai/e/1344/afp-848985-injected.calisto.simplecastaudio.com/3f86df7b-51c6-4101-88a2-550dba782de8/episodes/80c25bad-2ccd-46f8-a7dd-cf597090acc2/audio/128/default.mp3?aid=rss_feed&awCollectionId=3f86df7b-51c6-4101-88a2-550dba782de8&awEpisodeId=80c25bad-2ccd-46f8-a7dd-cf597090acc2&feed=JGE3yC0V,2025-04-09T10:00:00,a16z-podcast
https://feeds.simplecast.com/JGE3yC0V,a16z Podcast,c0990504-a20c-43f0-8e72-dad67748e0a6,How to Build with the Department of Defense,https://mgln.ai/e/1344/afp-848985-injected.calisto.simplecastaudio.com/3f86df7b-51c6-4101-88a2-550dba782de8/episodes/1b5094ff-af92-4af7-9c12-e9cfa249d175/audio/128/default.mp3?aid=rss_feed&awCollectionId=3f86df7b-51c6-4101-88a2-550dba782de8&awEpisodeId=1b5094ff-af92-4af7-9c12-e9cfa249d175&feed=JGE3yC0V,2025-04-02T15:23:29,a16z-podcast
https://feeds.simplecast.com/JGE3yC0V,a16z Podcast,e3954f14-acef-422e-a32d-2f558dd2894e,"The Top 100 GenAI Products, Ranked and Explained",https://mgln.ai/e/1344/afp-848985-injected.calisto.simplecastaudio.com/3f86df7b-51c6-4101-88a2-550dba782de8/episodes/cfda3548-b493-4519-99e7-bbe432a93bed/audio/128/default.mp3?aid=rss_feed&awCollectionId=3f86df7b-51c6-4101-88a2-550dba782de8&awEpisodeId=cfda3548-b493-4519-99e7-bbe432a93bed&feed=JGE3yC0V,2025-03-26T10:00:00,a16z-podcast
https://feeds.simplecast.com/JGE3yC0V,a16z Podcast,a05e1788-351b-4c96-9514-a4062ce97710,Jensen Huang and Arthur Mensch on Winning the Global AI Race,https://mgln.ai/e/1344/afp-848985-injected.calisto.simplecastaudio.com/3f86df7b-51c6-4101-88a2-550dba782de8/episodes/76ca6118-1a39-4b16-a0b2-2add07da9c46/audio/128/default.mp3?aid=rss_feed&awCollectionId=3f86df7b-51c6-4101-88a2-550dba782de8&awEpisodeId=76ca6118-1a39-4b16-a0b2-2add07da9c46&feed=JGE3yC0V,2025-03-21T10:00:00,a16z-podcast
https://feeds.simplecast.com/JGE3yC0V,a16z Podcast,fa051ea3-9b7b-4e7b-8295-0e44ae80655d,Why AI Voice Feels More Human Than Ever,https://mgln.ai/e/1344/afp-848985-injected.calisto.simplecastaudio.com/3f86df7b-51c6-4101-88a2-550dba782de8/episodes/fcb9c52d-4fc0-4428-9602-93bc174e686c/audio/128/default.mp3?aid=rss_feed&awCollectionId=3f86df7b-51c6-4101-88a2-550dba782de8&awEpisodeId=fcb9c52d-4fc0-4428-9602-93bc174e686c&feed=JGE3yC0V,2025-03-18T10:00:00,a16z-podcast
https://feeds.simplecast.com/JGE3yC0V,a16z Podcast,55fd6289-2840-40e3-a148-7fa924c9af57,From Thesis to Meme to Fund: Building American Dynamism,https://mgln.ai/e/1344/afp-848985-injected.calisto.simplecastaudio.com/3f86df7b-51c6-4101-88a2-550dba782de8/episodes/e73848e5-4ed8-4662-962d-b0fadf100c61/audio/128/default.mp3?aid=rss_feed&awCollectionId=3f86df7b-51c6-4101-88a2-550dba782de8&awEpisodeId=e73848e5-4ed8-4662-962d-b0fadf100c61&feed=JGE3yC0V,2025-03-11T10:00:00,a16z-podcast
https://feeds.simplecast.com/JGE3yC0V,a16z Podcast,4df073b5-c70b-4516-af04-7302c5e6d635,What Founders Get Wrong About Scaling – With Carta’s CEO,https://mgln.ai/e/1344/afp-848985-injected.calisto.simplecastaudio.com/3f86df7b-51c6-4101-88a2-550dba782de8/episodes/fda933aa-9165-43d5-9fa2-ed10a5132a77/audio/128/default.mp3?aid=rss_feed&awCollectionId=3f86df7b-51c6-4101-88a2-550dba782de8&awEpisodeId=fda933aa-9165-43d5-9fa2-ed10a5132a77&feed=JGE3yC0V,2025-03-07T11:00:00,a16z-podcast
https://feeds.simplecast.com/JGE3yC0V,a16z Podcast,89907a4e-4db6-4723-9e0b-b3b99947b4cf,Creativity vs Control: Where AI Fits in the Creative Toolbox,https://mgln.ai/e/1344/afp-848985-injected.calisto.simplecastaudio.com/3f86df7b-51c6-4101-88a2-550dba782de8/episodes/d3437c91-e1df-476b-aed2-d6ca6e2e941b/audio/128/default.mp3?aid=rss_feed&awCollectionId=3f86df7b-51c6-4101-88a2-550dba782de8&awEpisodeId=d3437c91-e1df-476b-aed2-d6ca6e2e941b&feed=JGE3yC0V,2025-02-25T11:00:00,a16z-podcast
https://feeds.simplecast.com/JGE3yC0V,a16z Podcast,5c4c0a9d-328c-4d75-a511-7ffcb7f3eb85,Who Will Own the Internet? a16z’s Chris Dixon on AI and Crypto,https://mgln.ai/e/1344/afp-848985-injected.calisto.simplecastaudio.com/3f86df7b-51c6-4101-88a2-550dba782de8/episodes/13dfb41e-ddc4-4ca8-ac45-568879684dbd/audio/128/default.mp3?aid=rss_feed&awCollectionId=3f86df7b-51c6-4101-88a2-550dba782de8&awEpisodeId=13dfb41e-ddc4-4ca8-ac45-568879684dbd&feed=JGE3yC0V,2025-02-20T11:00:00,a16z-podcast
https://feeds.simplecast.com/JGE3yC0V,a16z Podcast,dda66090-88e2-454a-a529-711ea4fc4e8c,The Critical Technology in Finding Critical Materials,https://mgln.ai/e/1344/afp-848985-injected.calisto.simplecastaudio.com/3f86df7b-51c6-4101-88a2-550dba782de8/episodes/57d0dd47-3234-4752-8f7b-82b10535bed9/audio/128/default.mp3?aid=rss_feed&awCollectionId=3f86df7b-51c6-4101-88a2-550dba782de8&awEpisodeId=57d0dd47-3234-4752-8f7b-82b10535bed9&feed=JGE3yC0V,2025-02-11T11:00:00,a16z-podcast
https://feeds.simplecast.com/JGE3yC0V,a16z Podcast,5534c6e4-0cc6-46d1-bbc9-f0c7a82ecd90,DeepSeek: America’s Sputnik Moment for AI?,https://mgln.ai/e/1344/afp-848985-injected.calisto.simplecastaudio.com/3f86df7b-51c6-4101-88a2-550dba782de8/episodes/c04b8dc4-8bc6-4b70-9ee2-acc4355f3679/audio/128/default.mp3?aid=rss_feed&awCollectionId=3f86df7b-51c6-4101-88a2-550dba782de8&awEpisodeId=c04b8dc4-8bc6-4b70-9ee2-acc4355f3679&feed=JGE3yC0V,2025-02-06T11:00:00,a16z-podcast
https://feeds.simplecast.com/JGE3yC0V,a16z Podcast,6d053595-72d7-4932-b4f3-e1ec6d239a95,"Ben Horowitz Sharing History with Dr. Clarence Jones, MLK's Speechwriter",https://mgln.ai/e/1344/afp-848985-injected.calisto.simplecastaudio.com/3f86df7b-51c6-4101-88a2-550dba782de8/episodes/5f8219e6-5ba6-40ce-83f6-5940d2cf7d70/audio/128/default.mp3?aid=rss_feed&awCollectionId=3f86df7b-51c6-4101-88a2-550dba782de8&awEpisodeId=5f8219e6-5ba6-40ce-83f6-5940d2cf7d70&feed=JGE3yC0V,2025-02-01T11:00:00,a16z-podcast
https://feeds.simplecast.com/JGE3yC0V,a16z Podcast,7abc9af1-0a02-4571-88e5-633e2e6aad3e,"How AI Is Changing Warfare with Brian Schimpf, CEO of Anduril",https://mgln.ai/e/1344/afp-848985-injected.calisto.simplecastaudio.com/3f86df7b-51c6-4101-88a2-550dba782de8/episodes/ee4f0d73-70b0-4796-aeaa-aee6ce0b3db9/audio/128/default.mp3?aid=rss_feed&awCollectionId=3f86df7b-51c6-4101-88a2-550dba782de8&awEpisodeId=ee4f0d73-70b0-4796-aeaa-aee6ce0b3db9&feed=JGE3yC0V,2025-01-28T11:00:00,a16z-podcast
https://feeds.simplecast.com/JGE3yC0V,a16z Podcast,1216c2e7-42b8-42ca-92d7-bad784f80af2,RIP to RPA: How AI Makes Operations Work,https://mgln.ai/e/1344/afp-848985-injected.calisto.simplecastaudio.com/3f86df7b-51c6-4101-88a2-550dba782de8/episodes/e5a1253a-3232-4924-b3c6-30f94ad8468d/audio/128/default.mp3?aid=rss_feed&awCollectionId=3f86df7b-51c6-4101-88a2-550dba782de8&awEpisodeId=e5a1253a-3232-4924-b3c6-30f94ad8468d&feed=JGE3yC0V,2025-01-22T11:00:00,a16z-podcast
https://feeds.simplecast.com/JGE3yC0V,a16z Podcast,88ac6f9d-7241-4911-a9cf-c4088bf5a201,Marc Andreessen: Can Tech Finally Fix Healthcare?,https://mgln.ai/e/1344/afp-848985-injected.calisto.simplecastaudio.com/3f86df7b-51c6-4101-88a2-550dba782de8/episodes/1dec20ed-be5a-41a7-a0f0-a35a747a58d8/audio/128/default.mp3?aid=rss_feed&awCollectionId=3f86df7b-51c6-4101-88a2-550dba782de8&awEpisodeId=1dec20ed-be5a-41a7-a0f0-a35a747a58d8&feed=JGE3yC0V,2025-01-15T11:00:00,a16z-podcast
https://feeds.simplecast.com/JGE3yC0V,a16z Podcast,ebfccc95-cada-4844-95d0-2188c5adf0b2,Building Substack: Reinventing Culture through Subscriptions,https://mgln.ai/e/1344/afp-848985-injected.calisto.simplecastaudio.com/3f86df7b-51c6-4101-88a2-550dba782de8/episodes/5a2dce26-86dd-4675-8ffe-03a14391e5d4/audio/128/default.mp3?aid=rss_feed&awCollectionId=3f86df7b-51c6-4101-88a2-550dba782de8&awEpisodeId=5a2dce26-86dd-4675-8ffe-03a14391e5d4&feed=JGE3yC0V,2025-01-09T11:00:00,a16z-podcast
https://feeds.simplecast.com/JGE3yC0V,a16z Podcast,2f3e158c-ab59-441b-8ae6-18eb74376ee4,"Crypto Trends for 2025: Stablecoins, App Stores, UX, and More",https://mgln.ai/e/1344/afp-848985-injected.calisto.simplecastaudio.com/3f86df7b-51c6-4101-88a2-550dba782de8/episodes/50a76352-6565-41c7-9e7d-087b34970048/audio/128/default.mp3?aid=rss_feed&awCollectionId=3f86df7b-51c6-4101-88a2-550dba782de8&awEpisodeId=50a76352-6565-41c7-9e7d-087b34970048&feed=JGE3yC0V,2025-01-03T11:00:00,a16z-podcast
https://allinchamathjason.libsyn.com/rss,"All-In with Chamath, Jason, Sacks & Friedberg",9e8e770d-0433-437e-aa7b-9b0ae8e83025,Senator Ron Johnson on the Senate showdown over Trump's Big Beautiful Bill | All-In Interview,https://dts.podtrac.com/redirect.mp3/traffic.libsyn.com/secure/allinchamathjason/ALLIN-INTV_SENJOHNSON_CH.mp3?dest-id=1928300,2025-05-25T07:09:00,all-in-with-chamath-jason-sacks-friedberg
https://allinchamathjason.libsyn.com/rss,"All-In with Chamath, Jason, Sacks & Friedberg",4ac174c0-a5a6-4ac9-92c3-b1ecfbb17f71,"Bond crisis looming? GOP abandons DOGE, Google disrupts Search with AI, OpenAI buys Jony Ive's IO",https://dts.podtrac.com/redirect.mp3/traffic.libsyn.com/secure/allinchamathjason/ALLIN-E229.mp3?dest-id=1928300,2025-05-24T06:43:00,all-in-with-chamath-jason-sacks-friedberg
https://allinchamathjason.libsyn.com/rss,"All-In with Chamath, Jason, Sacks & Friedberg",d8b8af14-98d3-4fc4-920c-eea6f8af0ef5,"Antonio Gracias: DOGE updates, Voter fraud arrests, Finding 'Big Balls' | All-In Live from Miami",https://dts.podtrac.com/redirect.mp3/traffic.libsyn.com/secure/allinchamathjason/ALLIN_MIA25_Antonio_CH.mp3?dest-id=1928300,2025-05-21T16:57:00,all-in-with-chamath-jason-sacks-friedberg
https://allinchamathjason.libsyn.com/rss,"All-In with Chamath, Jason, Sacks & Friedberg",eb289a06-8dd3-4463-ad12-076d1a43f397,"Sergey Brin, Google Co-Founder | All-In Live from Miami",https://dts.podtrac.com/redirect.mp3/traffic.libsyn.com/secure/allinchamathjason/ALLIN_MIA25_Sergey_CH.mp3?dest-id=1928300,2025-05-20T02:37:00,all-in-with-chamath-jason-sacks-friedberg
https://allinchamathjason.libsyn.com/rss,"All-In with Chamath, Jason, Sacks & Friedberg",3cb9b83c-92bc-4f05-a1e4-7070aef4b737,"Trump's Big Week: Middle East Trip, China Deal, Pharma EO, ""Big, Beautiful Bill"" with Ben Shapiro",https://dts.podtrac.com/redirect.mp3/traffic.libsyn.com/secure/allinchamathjason/ALLIN-E228.mp3?dest-id=1928300,2025-05-17T04:04:00,all-in-with-chamath-jason-sacks-friedberg
https://allinchamathjason.libsyn.com/rss,"All-In with Chamath, Jason, Sacks & Friedberg",ee6e4168-5b1d-4994-b55f-e717c183ed24,"Sundar Pichai, CEO of Alphabet | The All-In Interview",https://dts.podtrac.com/redirect.mp3/traffic.libsyn.com/secure/allinchamathjason/250514_ALLIN_INTV_SundarPichai.mp3?dest-id=1928300,2025-05-16T05:36:00,all-in-with-chamath-jason-sacks-friedberg
https://allinchamathjason.libsyn.com/rss,"All-In with Chamath, Jason, Sacks & Friedberg",0effa03a-025a-4c45-ba57-6ee1b7f1b0b3,"Fed Hesitates on Tariffs, The New Mag 7, Death of VC, Google's Value in a Post-Search World",https://dts.podtrac.com/redirect.mp3/traffic.libsyn.com/secure/allinchamathjason/ALLIN-E227.mp3?dest-id=1928300,2025-05-09T20:26:00,all-in-with-chamath-jason-sacks-friedberg
https://allinchamathjason.libsyn.com/rss,"All-In with Chamath, Jason, Sacks & Friedberg",9809ee82-24df-4c61-9380-b8de1e964921,"Doug Burgum, Secretary of the Interior | All-In DC",https://dts.podtrac.com/redirect.mp3/traffic.libsyn.com/secure/allinchamathjason/ALLIN_DC_BURGUM_CH.mp3?dest-id=1928300,2025-05-06T22:11:00,all-in-with-chamath-jason-sacks-friedberg
https://allinchamathjason.libsyn.com/rss,"All-In with Chamath, Jason, Sacks & Friedberg",73fed2a1-13e1-4fac-9742-4e47450187b6,"Brooke Rollins, Secretary of Agriculture | All-In DC",https://dts.podtrac.com/redirect.mp3/traffic.libsyn.com/secure/allinchamathjason/250429_ALLIN-INTV_ROLLINS_CH.mp3?dest-id=1928300,2025-05-04T16:05:00,all-in-with-chamath-jason-sacks-friedberg
https://allinchamathjason.libsyn.com/rss,"All-In with Chamath, Jason, Sacks & Friedberg",6a90b207-7de1-4449-843f-9f48a04fc3c1,"Trump's First 100 Days, Tariffs Impact Trade, AI Agents, Amazon Backs Down",https://dts.podtrac.com/redirect.mp3/traffic.libsyn.com/secure/allinchamathjason/ALLIN-E226_2.mp3?dest-id=1928300,2025-05-02T23:31:00,all-in-with-chamath-jason-sacks-friedberg
https://allinchamathjason.libsyn.com/rss,"All-In with Chamath, Jason, Sacks & Friedberg",e471262a-fa5b-4932-9fc1-7a9f559df5ab,"Trump Rally or Bessent Put? Elon Back at Tesla, Google's Gemini Problem, China's Thorium Discovery",https://dts.podtrac.com/redirect.mp3/traffic.libsyn.com/secure/allinchamathjason/ALLIN-E225.mp3?dest-id=1928300,2025-04-26T06:00:00,all-in-with-chamath-jason-sacks-friedberg
https://allinchamathjason.libsyn.com/rss,"All-In with Chamath, Jason, Sacks & Friedberg",0559279b-fb74-4c9d-8d36-d6669ff43cbe,"Trump vs Harvard, Nvidia export controls, how DEI killed Hollywood with Tim Dillon",https://dts.podtrac.com/redirect.mp3/traffic.libsyn.com/secure/allinchamathjason/ALLIN-E224_1.mp3?dest-id=1928300,2025-04-19T00:14:00,all-in-with-chamath-jason-sacks-friedberg
https://allinchamathjason.libsyn.com/rss,"All-In with Chamath, Jason, Sacks & Friedberg",acf9b94e-292a-4be5-a7b6-db409800db6e,"The Great Tariff Debate with David Sacks, Larry Summers, and Ezra Klein",https://dts.podtrac.com/redirect.mp3/traffic.libsyn.com/secure/allinchamathjason/ALLIN-E223_1.mp3?dest-id=1928300,2025-04-11T21:47:00,all-in-with-chamath-jason-sacks-friedberg
https://allinchamathjason.libsyn.com/rss,"All-In with Chamath, Jason, Sacks & Friedberg",51b6413f-bd97-4c51-914a-2a389d125f0b,DOGE updates + Liberation Day Tariff Reactions with Ben Shapiro and Antonio Gracias,https://dts.podtrac.com/redirect.mp3/traffic.libsyn.com/secure/allinchamathjason/ALLIN-E222.mp3?dest-id=1928300,2025-04-05T19:03:00,all-in-with-chamath-jason-sacks-friedberg
https://allinchamathjason.libsyn.com/rss,"All-In with Chamath, Jason, Sacks & Friedberg",84933c9a-a777-440b-8e10-1bb9e27a05de,"All-In Live from Austin: Colin and Samir, Chris Williamson, and Bryan Johnson",https://dts.podtrac.com/redirect.mp3/traffic.libsyn.com/secure/allinchamathjason/SXSW_Final_CH.mp3?dest-id=1928300,2025-04-03T01:15:00,all-in-with-chamath-jason-sacks-friedberg
https://allinchamathjason.libsyn.com/rss,"All-In with Chamath, Jason, Sacks & Friedberg",ecaeab46-6b14-44d1-aaf6-3cf30cf51e61,"The AI Cold War, Signalgate, CoreWeave IPO, Tariff Endgames, El Salvador Deportations",https://dts.podtrac.com/redirect.mp3/traffic.libsyn.com/secure/allinchamathjason/ALLIN-E221.mp3?dest-id=1928300,2025-03-29T01:40:00,all-in-with-chamath-jason-sacks-friedberg
https://allinchamathjason.libsyn.com/rss,"All-In with Chamath, Jason, Sacks & Friedberg",02fc268c-61dc-4074-b7ec-882615bc6d85,"White House BTS, Google buys Wiz, Treasury vs Fed, Space Rescue",https://dts.podtrac.com/redirect.mp3/traffic.libsyn.com/secure/allinchamathjason/ALLIN-E220.mp3?dest-id=1928300,2025-03-22T02:17:00,all-in-with-chamath-jason-sacks-friedberg
https://allinchamathjason.libsyn.com/rss,"All-In with Chamath, Jason, Sacks & Friedberg",ebb45eb2-ba1d-4a58-bd56-f7b6f87e4168,Howard Lutnick | All-In DC,https://dts.podtrac.com/redirect.mp3/traffic.libsyn.com/secure/allinchamathjason/ALLIN_DC_Lutnick_CH.mp3?dest-id=1928300,2025-03-20T21:34:00,all-in-with-chamath-jason-sacks-friedberg
https://allinchamathjason.libsyn.com/rss,"All-In with Chamath, Jason, Sacks & Friedberg",dda38d0d-96d5-4dcf-9b51-63948d82df55,Scott Bessent | All-In DC,https://dts.podtrac.com/redirect.mp3/traffic.libsyn.com/secure/allinchamathjason/ALLIN-DC-Bessent_CH.mp3?dest-id=1928300,2025-03-19T03:34:00,all-in-with-chamath-jason-sacks-friedberg
https://allinchamathjason.libsyn.com/rss,"All-In with Chamath, Jason, Sacks & Friedberg",da3bd361-2b08-45b7-a97d-e997df7e1751,Fixing the American Dream with Andrew Schulz,https://dts.podtrac.com/redirect.mp3/traffic.libsyn.com/secure/allinchamathjason/ALLIN-E219.mp3?dest-id=1928300,2025-03-15T00:22:00,all-in-with-chamath-jason-sacks-friedberg
https://allinchamathjason.libsyn.com/rss,"All-In with Chamath, Jason, Sacks & Friedberg",459645b0-85c3-44c5-a786-bec6402d771b,"Tariffs, Trump's Economic Endgame, Market Chaos, Bitcoin Reserve, CoreWeave IPO",https://dts.podtrac.com/redirect.mp3/traffic.libsyn.com/secure/allinchamathjason/ALLIN-E218.mp3?dest-id=1928300,2025-03-08T00:58:00,all-in-with-chamath-jason-sacks-friedberg
https://allinchamathjason.libsyn.com/rss,"All-In with Chamath, Jason, Sacks & Friedberg",24c2b1fc-d8fb-4988-bdb2-455019499829,"Epstein Files Flop, State of the Market, Autonomous Robots, Trump's Gold Card, Friedberg on Jeopardy",https://dts.podtrac.com/redirect.mp3/traffic.libsyn.com/secure/allinchamathjason/ALLIN-E217.mp3?dest-id=1928300,2025-03-01T02:06:00,all-in-with-chamath-jason-sacks-friedberg
https://allinchamathjason.libsyn.com/rss,"All-In with Chamath, Jason, Sacks & Friedberg",63840670-b85c-4cbb-9784-119bbe424dbf,"The Stablecoin Future, Milei's Memecoin, DOGE for the DoD, Grok 3, Why Stripe Stays Private",https://dts.podtrac.com/redirect.mp3/traffic.libsyn.com/secure/allinchamathjason/ALLIN-E216.mp3?dest-id=1928300,2025-02-21T23:41:00,all-in-with-chamath-jason-sacks-friedberg
https://allinchamathjason.libsyn.com/rss,"All-In with Chamath, Jason, Sacks & Friedberg",40c1bce9-0adb-4aa4-8325-4607b02b2a15,"JD Vance's AI Speech, Techno-Optimists vs Doomers, Tariffs, AI Court Cases with Naval Ravikant",https://dts.podtrac.com/redirect.mp3/traffic.libsyn.com/secure/allinchamathjason/ALLIN-E215.mp3?dest-id=1928300,2025-02-15T01:48:00,all-in-with-chamath-jason-sacks-friedberg
https://allinchamathjason.libsyn.com/rss,"All-In with Chamath, Jason, Sacks & Friedberg",5df887c2-095c-4298-a84e-a67d36f2c0f6,"DOGE vs USAID, Crypto Framework, Google's $75B AI Spend, US Sovereign Wealth Fund, GLP-1s",https://dts.podtrac.com/redirect.mp3/traffic.libsyn.com/secure/allinchamathjason/ALLIN-E214.mp3?dest-id=1928300,2025-02-07T22:20:00,all-in-with-chamath-jason-sacks-friedberg
https://allinchamathjason.libsyn.com/rss,"All-In with Chamath, Jason, Sacks & Friedberg",4355ba9c-b136-4827-b4ea-b3de8795d009,"DeepSeek Panic, US vs China, OpenAI $40B?, and Doge Delivers with Travis Kalanick and David Sacks",https://dts.podtrac.com/redirect.mp3/traffic.libsyn.com/secure/allinchamathjason/ALLIN-E213.mp3?dest-id=1928300,2025-01-31T21:52:00,all-in-with-chamath-jason-sacks-friedberg
https://allinchamathjason.libsyn.com/rss,"All-In with Chamath, Jason, Sacks & Friedberg",4d10fec0-f581-4bd9-990d-8bd40941a8a7,Ray Dalio | The All-In Interview,https://dts.podtrac.com/redirect.mp3/traffic.libsyn.com/secure/allinchamathjason/ALLIN_INTV_RayDalio_250127.mp3?dest-id=1928300,2025-01-28T16:00:00,all-in-with-chamath-jason-sacks-friedberg
https://allinchamathjason.libsyn.com/rss,"All-In with Chamath, Jason, Sacks & Friedberg",ba38abb7-7534-4942-8c5a-46bf60632fd3,"Trump's First Week: Inauguration Recap, Executive Actions, TikTok, Stargate + Sacks is Back!",https://dts.podtrac.com/redirect.mp3/traffic.libsyn.com/secure/allinchamathjason/ALLIN-E212.mp3?dest-id=1928300,2025-01-25T02:52:00,all-in-with-chamath-jason-sacks-friedberg
https://allinchamathjason.libsyn.com/rss,"All-In with Chamath, Jason, Sacks & Friedberg",fccdfa23-2871-4b7d-992e-cea79c56ef08,"Inauguration Interviews: Trump's Talent, Democratic Rebrand & more with House Whip Emmer, Reps Swalwell & Khanna",https://dts.podtrac.com/redirect.mp3/traffic.libsyn.com/secure/allinchamathjason/250119_CONGRESS.mp3?dest-id=1928300,2025-01-20T04:39:00,all-in-with-chamath-jason-sacks-friedberg
https://allinchamathjason.libsyn.com/rss,"All-In with Chamath, Jason, Sacks & Friedberg",83e044e9-6a2a-4e4a-96a9-a03d5b1b29e2,Senator Ted Cruz | The All-In Inauguration Series,https://dts.podtrac.com/redirect.mp3/traffic.libsyn.com/secure/allinchamathjason/250119_CRUZ_CH.mp3?dest-id=1928300,2025-01-19T23:27:00,all-in-with-chamath-jason-sacks-friedberg
https://allinchamathjason.libsyn.com/rss,"All-In with Chamath, Jason, Sacks & Friedberg",1dc658ef-2ea3-4b99-a600-08fef880291a,"Red-pilled Billionaires, LA Fire Update, Newsom's Price Caps, TikTok Ban, Jobless MBAs",https://dts.podtrac.com/redirect.mp3/traffic.libsyn.com/secure/allinchamathjason/ALLIN-E211.mp3?dest-id=1928300,2025-01-18T01:21:00,all-in-with-chamath-jason-sacks-friedberg
https://allinchamathjason.libsyn.com/rss,"All-In with Chamath, Jason, Sacks & Friedberg",4c252925-8365-4407-bf2d-f3c6c25fe49d,"LA's Wildfire Disaster, Zuck Flips on Free Speech, Why Trump Wants Greenland",https://dts.podtrac.com/redirect.mp3/traffic.libsyn.com/secure/allinchamathjason/ALLIN-E210.mp3?dest-id=1928300,2025-01-11T01:41:00,all-in-with-chamath-jason-sacks-friedberg
https://allinchamathjason.libsyn.com/rss,"All-In with Chamath, Jason, Sacks & Friedberg",8d4ffdaa-2e4d-4c7e-8238-983294ea5372,2025 Predictions with bestie Gavin Baker,https://dts.podtrac.com/redirect.mp3/traffic.libsyn.com/secure/allinchamathjason/ALLIN-E209.mp3?dest-id=1928300,2025-01-04T00:23:00,all-in-with-chamath-jason-sacks-friedberg
